filename,np_elaboration,verb_vac_frequency,nouns_as_modifiers,determiners,vac_frequency,association_strength,diversity_and_frequency,possessives,frequency
SP0140P1.txt,2.18674208749,-0.333637509864,3.79661813195,0.714305206004,0.0621663634443,1.79450482533,-0.583668662928,-1.58860812872,0.0682924328047
JP0143P2.txt,8.8134026894,6.02356101997,2.51453330147,-3.78020505778,-1.88401430315,5.43306628577,3.33688714431,4.06651510814,-0.474409040932
JP0135P1.txt,6.11505203291,1.61257885555,0.997903449748,4.03748344187,-1.49510758982,1.72990766286,0.514107225892,-1.77222461189,0.299811895302
SP011112.txt,-0.503518072828,-0.347979150208,-0.036381851159,1.94070487201,-0.424314454396,-0.194803325622,-3.52083214603,-2.08820670665,1.18629982956
SP0136P2.txt,-2.71567510734,-8.63206673813,-1.86021346994,-2.11718474408,-2.12035626985,-2.31987464858,2.82215437898,-1.47650731183,-0.909856986657
JP0107P3.txt,3.03268540727,0.845171108954,1.03265290972,-2.98850614003,-1.19525304376,7.404558834,1.35459032564,1.93816562663,-1.82827526454
SW0147P2.txt,2.02131972562,1.60951832893,1.28398187605,1.08420245165,0.983803429981,0.59435084209,-2.8838075828,-1.95150531469,1.25018378519
SW0103P3.txt,4.43220729509,-0.579309634484,-3.60800947961,0.877226172866,0.0958378131097,0.164343791282,1.79680083313,-0.0161032515369,-0.0117659559936
SW0131P1.txt,3.12960179839,0.377199945918,0.162792073746,0.814088584777,-1.11720072508,5.12776140799,-2.24138119306,-1.95657342054,0.45413355289
SP0108P3.txt,-3.52361680592,3.07196303202,0.686675930658,2.26150237849,1.57838893798,0.868028952641,-0.732918067617,1.31798782532,1.4575202024
JP0139P2.txt,-1.79287140376,3.12130155749,2.87480368493,-1.11023206568,1.56771293702,-3.34695576304,0.674814211768,1.36346895585,-1.44307053008
SW0129P2.txt,1.25040643338,10.7296432064,3.10731103067,0.655707939043,-1.54408646229,-0.0410072626298,-2.81683120932,-0.795445205235,1.01348169892
SW0125P1.txt,1.42343898331,7.63498329367,0.693560362887,2.6962847431,-1.69951762436,-0.10990761994,-0.764400137382,-2.06581864256,-0.443139415783
SW0117P3.txt,0.713616712934,1.16230834124,-1.47129953687,3.25980627712,-2.15135695893,3.35750692982,4.24057147246,1.46114762631,0.52629949561
JP0113P3.txt,7.39716144086,0.277141271897,-0.139651173462,4.88986222459,-1.91717004698,-1.40738335362,1.44753531167,-0.815456743715,0.705388961793
SP010512.txt,-0.810927074623,3.57054062157,-1.48164463169,0.855590562522,-0.0754913115458,-0.543198728591,-5.03247420094,-1.75958684709,2.06239330307
JP0121P1.txt,13.7897680452,0.830276556326,1.41963655411,8.43349110137,0.334568744406,2.22053591086,1.56247946128,-1.2270843797,0.460536589141
SW0108P2.txt,-3.51941118501,-0.349855991318,-0.672724683342,-0.582721423453,-1.5092982549,1.39920256699,-2.45910599419,-1.1218253679,0.820485865681
JP0148P3.txt,-3.52396883007,-12.0009654764,-5.96140048166,13.3999256365,-1.80853764294,-1.20982098217,5.0911752165,1.36209091264,2.31922950284
SW0136P3.txt,1.87614621349,-2.53991838282,-2.43111974011,3.82827926907,-2.69158762176,-9.0016389672,3.66594265807,-0.335649560305,-0.457196036527
SW0104P1.txt,-3.25827318743,-0.628204919661,0.7226981522,-1.55071860193,1.34531375234,0.469452955391,-2.54022456653,-2.25797549359,0.123165215073
SP012412.txt,-4.18765572892,-0.251128140347,-2.52267953232,-2.5090520977,-1.64215499123,-0.0470275702324,-4.22259392759,-1.00372325066,1.72854585148
JP0132P3.txt,-2.69570520138,-3.53274874997,-3.05132450178,3.12063376927,1.0268093647,1.14183113398,2.93598691366,1.52504841934,-1.05500618001
SP0103P2.txt,-5.5180138096,0.927148710632,-3.27621733385,-1.97793178916,-3.03121485761,-0.254252421227,-2.88983071675,-1.32379334415,0.789023031537
JP015112.txt,9.21286310566,4.33399502164,0.163322699966,-2.34983163807,1.28306533384,-3.1669800711,-0.251895743405,0.408174573281,0.0973709287784
SP0147P3.txt,4.40607329973,9.436958904,-1.79083243798,2.47510962671,2.24970305985,2.56903234763,0.767997047943,-0.501860911329,2.79302257212
JP014512.txt,-0.364782170336,4.1125267156,2.84925374999,-1.92355548635,-0.394737335515,0.0950408376854,-2.06157173036,1.14685889528,-0.234441658954
JP0126P3.txt,-0.968587907628,-1.00676213695,3.33052666954,3.69651278864,3.9984261924,-4.25192776303,2.44991646852,0.68268634542,-1.18311614608
SP0117P2.txt,-6.54096987014,-0.0418809038671,-3.80218702216,-1.69102973648,-0.135504351675,-1.74503849479,-2.63532468931,-1.57223011961,1.07045957975
SP013012.txt,-0.846471926594,2.26207010736,-0.299660135133,1.5546024242,-0.393851338892,1.25344746272,1.46912066052,-2.16160308948,-0.721364761689
JP0114P1.txt,22.2928947314,-4.71820319849,4.62012979964,1.40723790582,4.21411194708,-2.49374261875,4.7743391562,-1.28467438192,-1.1840467134
SW014112.txt,0.0346822856306,-3.23151651802,-0.50722235626,-0.962594485011,0.142925529855,1.50059999588,-2.3087594055,-0.107401769193,0.718342892933
SW0110P1.txt,4.65589795177,-2.86905948601,1.37525924926,-2.30102264994,1.43219283327,-2.98548891797,-0.122362626388,0.203006662857,0.731955319392
SW0122P3.txt,-4.35479919307,-2.50659044644,-2.27508186132,-0.0641079654194,4.53762944905,1.29861854156,2.32826969042,0.298756995536,1.17696382153
JP0118P2.txt,-5.43694208019,-2.44886274491,3.4088695236,-5.58772515178,1.6344272529,1.73500490197,1.83790435727,6.39646188756,0.119457473272
SP0129P3.txt,0.0144838909622,8.63604577868,-2.71445281003,5.3353600329,2.03939402133,-2.14280861757,-0.199682345363,-1.59627343622,2.24842549947
JP0138P1.txt,14.316477298,4.85686666244,11.6191384713,3.79143116589,1.33882520424,0.88854338612,1.06675956887,0.950928596189,1.04547738294
SW011712.txt,-4.63089741757,-1.51899349981,-0.248967743065,-1.75760890432,1.43447157562,1.70740467045,-1.74649527199,-0.880645864411,-0.837306008195
SW0130P2.txt,2.56937553535,-5.08140044554,0.723348016082,1.43203228422,2.30066857964,-0.69734149984,-0.178624367167,-1.94962985713,-0.256872508941
SW0146P1.txt,2.24368496206,1.65352727186,-0.714438094525,-0.222615377629,-1.2535088306,0.280636179656,-1.62860303129,-0.695830248538,0.33045457157
SP0105P3.txt,2.96244952802,0.656432152084,-1.91326526128,3.76248222141,3.317461714,-0.259802985116,-0.64130143444,-0.663546687249,2.46172324423
JP0134P2.txt,4.0997139325,0.754147840613,1.93582107648,-4.87639394096,-1.08816041594,-0.419838908693,-0.164548888263,1.20452646003,-0.0854108307341
SP0137P1.txt,2.2053611411,3.43445777322,0.459969957032,-2.25371134607,-2.24804227726,2.79657877627,-0.0113970407814,2.65104640756,0.181192897851
JP011312.txt,0.686008476627,2.454840714,6.34042678176,-4.94454662181,-0.37426468659,-0.681316774644,0.150014258325,4.04074880019,0.518448768505
SP0141P2.txt,-6.01986543964,2.23550130827,-3.97033233899,-6.75391991551,0.549912848833,1.38808025585,1.72981336789,0.0308265713438,0.353581432922
JP0142P1.txt,6.68512852546,4.56797249472,3.94516711912,-1.19687542981,4.53612897892,-2.00028130212,-0.511791035245,1.85755364158,1.89410529383
JP010712.txt,-6.88073112822,0.744797320208,0.548555943587,-2.26539874273,-0.47839167478,0.76416407647,-0.877919408417,3.88841909138,-0.700829008011
SP0123P1.txt,-7.24701111411,6.10280452161,-3.31576343569,1.15886139173,-0.0668575106448,-1.62111768977,-2.24432317112,-1.51861945453,2.37009112105
SP0111P3.txt,1.64060567244,-0.644768401355,-1.2794819867,4.79331399949,0.27873756976,-0.332543867843,-1.20463316753,-0.555744575561,0.536835477642
JP0120P2.txt,-0.930833985226,0.00547014138914,-1.50403553104,-3.50242000784,-1.05614271447,3.94499238362,-0.0398648276637,6.14294842864,0.0278323601953
SW0124P2.txt,1.89964011543,3.01846444986,-0.023388397109,-2.5231025472,2.41680041964,2.88520464775,-1.24360938113,-0.900439529452,1.16260374906
SW010312.txt,5.56678185574,3.20526245462,3.18947796123,0.359016898065,0.995032414647,2.29124100714,-2.66781022355,-1.41043720437,-0.338297225156
SP010812.txt,-1.04916425851,-0.305696577267,-1.73357822974,-0.307779647518,-1.65390039102,-0.449499671109,-3.08402113927,0.185600724149,0.650242496048
SW0128P1.txt,6.72691616722,3.02496799786,1.2656596869,1.0525146108,-0.0223251967122,2.62290583871,-1.69978630318,-1.12208563232,0.115556693794
JP0145P3.txt,-1.78420140006,-12.5055964004,-3.13366405215,3.01066134989,4.9560862442,-2.28524773245,3.66888297109,1.89684427547,1.4334930212
JP0101P2.txt,-3.35982229838,-3.24487256943,1.77272608118,-3.75935040326,5.7127489059,5.67372171417,1.98863507832,4.9459965177,-4.30731564724
SP0130P3.txt,4.2129058807,-3.63107263091,1.68028615881,2.14730167303,0.292138428416,-2.88120118564,3.41387035122,4.65269304948,2.2264591556
SP0102P1.txt,4.70399588086,5.21858275127,0.0404816052649,-0.729680097388,-3.71865432266,-1.88961811819,1.22758485795,-0.616045007035,-3.92060187086
JP012612.txt,4.46865748264,-3.68795166312,3.53555444172,-1.13193452253,1.37269263751,-0.780844480671,-1.23470817533,-0.326489325678,-0.414070362819
SW0141P3.txt,6.65008140964,-5.94996063983,-1.75271868405,6.39873590941,-2.11205430373,4.43111102428,4.22052907329,5.15106543481,0.161528137428
SW012212.txt,0.970840042519,5.04590853938,-0.580612394621,-0.727778418082,-1.37986247286,1.36645644807,-3.51185427173,-0.772839423662,1.22641314731
SW0105P2.txt,-1.05557007906,4.60039587608,3.66369877795,1.90630712446,-2.54243696634,-1.53024357542,-1.07284952806,-1.84303956267,0.0918365562908
SP012912.txt,-2.29130305207,5.95230866612,0.509496149612,-0.00788909138018,-0.572237730653,1.09012961879,-1.7624557226,-0.649334031275,0.354292434852
SW0109P1.txt,2.79251873324,0.0788160577325,2.32319550026,0.301137675912,-1.32748363438,2.39361111207,-2.2609763059,-2.1952738657,-0.648946929235
JP0119P1.txt,-4.9873937429,-4.99710900551,-2.29400316148,-4.11303389853,2.07490988028,-2.65831953724,-1.47460265966,-0.485067838431,1.02182730014
JP014812.txt,2.26755121332,2.46973527496,0.750673186365,-2.37385824033,1.30980998069,-0.579548137422,-0.235468042473,2.10046803645,-0.358812078127
SW0111P2.txt,-0.0751086826643,-0.898295056899,1.1862975211,-2.36437719141,3.07619450265,0.130965818935,-0.493914284834,-2.0083126717,0.274531208379
SW013612.txt,-1.57482126164,-0.172812509072,-0.258500109377,-0.628814593467,0.740888799095,-2.46261173334,-3.25554187684,-0.800495371698,-0.0656698976035
JP013212.txt,-2.21810049825,3.36366509545,6.17332540965,0.425104116398,2.85057503159,-0.104129362483,-1.39532071345,1.47228231979,-1.20588146616
SP0116P1.txt,-2.30602428255,1.43969784191,-1.83457119032,0.0214542701221,-0.457752167424,-2.02696074133,-3.00665449112,-1.05390801425,0.355276545978
JP0115P2.txt,-0.707733039408,-3.97005662246,9.19778848105,4.31027699242,-12.8210088197,-2.02783966709,6.76626681738,3.38232014565,-2.03724944685
SP0124P3.txt,-6.57660182189,-2.05076833647,-3.0949224828,1.58393309374,0.798089856904,-1.61623276139,-1.77338906819,-1.39996006271,1.75675362516
JP0151P3.txt,-6.06414522611,7.96005120158,-2.69886645856,1.00505653265,0.693104038715,-4.57702043836,3.10703677088,5.45931623245,1.27013786422
SW0130P3.txt,4.02641803357,-0.527721950165,0.964217800092,3.19769539181,-2.79932827831,1.5255547555,4.75209275076,1.12231074425,1.42130158849
SW0102P1.txt,-1.88224657242,-1.52565122056,-1.17209533237,-2.63690883099,-2.01151802669,0.30522072672,-0.00963734839419,-2.28055043736,1.01596453452
SP0141P3.txt,7.0493718373,6.06694704995,-1.07981364878,2.06418946049,-2.51111504726,-0.276110633454,2.19874079123,0.876855809314,0.218178215781
JP0106P1.txt,0.0551704836231,-2.08522553677,0.576445985999,-1.26957294963,-0.407989992146,0.0870478335989,1.08546008959,0.635894131426,-0.588151840746
SP0105P2.txt,-0.960769993657,2.97125394657,-1.59066829073,0.390073810487,0.325025977508,-1.17117428322,-4.33241975888,-1.91222699618,2.19019319471
JP0134P3.txt,6.84236502138,4.21311409604,2.86627071962,-2.17509289,0.302897688038,3.26897351107,1.11752239568,6.82643349214,2.63547091555
SW012912.txt,3.36063823498,8.14784677335,4.20397981916,2.1851964588,-0.329282442927,-1.25013219022,-2.78363648357,-0.351404736645,0.218387235194
SP0109P1.txt,-3.2905817704,2.17968003563,-1.19953616592,-1.20666345454,-0.635822309114,-1.66175791092,-0.838302985885,-0.758048561759,0.199102130968
JP013912.txt,-0.479436023702,2.08606350698,0.844022751563,-1.03329267982,2.44686419082,0.187806281084,-1.28533478613,2.79769288172,-0.590882115188
SP0111P2.txt,-2.54390580257,4.09734191033,-1.18956373586,2.70859529002,1.90242536921,-2.99087595953,1.62314570131,-2.72331467256,0.274777227872
JP0120P3.txt,-3.52880762554,-4.63387477635,-3.74728694189,3.85038944874,5.68680711986,-2.3264229247,0.792064055673,-0.343142421792,1.52176215703
JP0112P1.txt,0.434594351157,5.8180318897,4.07183164897,-6.68237844979,-0.8557603741,-0.498178936569,1.2913887305,-1.19126926188,1.65110455595
SP013612.txt,-3.53033027234,0.297167205476,1.71007510179,-1.20688661611,-2.33705562621,-2.03078274429,-0.804749965236,-2.00373733089,-0.443462232589
JP014312.txt,4.28137598748,-1.00964383495,0.99796156176,-2.69771020374,-1.35503527031,1.09658393589,-1.10454268922,0.389951659374,-1.67603188535
SW0116P1.txt,-4.06956254504,0.689520159246,0.80256568775,-1.12509926725,-0.26095147122,0.435076963293,-2.76387494622,-2.24045800375,-1.02885492012
SW0124P3.txt,-3.87080500193,0.210723898163,-2.68803732745,3.54883446859,1.73598113564,-0.381298213119,3.60091962602,1.60804327984,0.431020878187
SW014712.txt,4.4090097408,3.1087775851,1.02052495855,0.858377542755,-0.957098136434,0.541675683667,-4.09955374136,-2.15586881675,0.635019187088
JP011812.txt,1.17997491385,-1.93350587599,2.28395044206,-4.14703902198,2.34666537196,2.95025358368,0.114149133153,3.36228086319,0.558018996209
JP0149P1.txt,1.23750453796,-0.674770947454,2.32139436243,-1.00171101808,0.39192104627,9.62326480594,-0.0230948964599,-1.06386972829,-2.56262434762
SP011712.txt,-5.41264242066,-0.0592921460361,-3.58693013113,-1.03162877412,-0.440092970935,-1.94829956401,-3.44322095832,-1.55461800966,1.16139589801
JP0133P1.txt,3.59029741159,-2.45829712896,3.12398025801,-4.19262683483,-2.05098672206,-0.938228671518,0.93166876429,0.760467188723,-0.718322362996
JP0101P3.txt,0.652031296337,1.63974487471,-2.20804105953,2.24462294572,-1.73855969857,-4.26715336956,0.244516240693,2.02333630252,-0.129902010266
SP0130P2.txt,-9.97313319633,-11.9608616419,-6.39559910223,-1.10070157373,3.23258558619,-1.15045721632,3.91899583076,-2.72331467256,-0.291434014562
SP0146P1.txt,-2.18679516944,6.81802890749,-1.77759351285,-0.498696150023,-1.96129480485,3.82292849812,1.78214136927,-1.83798724827,-1.54465210747
JP0145P2.txt,0.541233369126,11.9825939392,8.64129217554,-1.56727399629,-1.75686365108,5.04901401765,3.02254210416,2.38215919355,-1.31478980878
SW0105P3.txt,-5.85768173905,0.32906655557,-4.02341472975,4.88404842519,2.44663206608,3.10429227149,1.77102504388,2.23431064031,-0.653812988144
SW0137P1.txt,3.68506992761,6.76340319958,1.42458478498,-0.901377750089,-1.36152293545,3.85825782135,-3.22466884252,-0.859238428281,1.18438083128
SW0141P2.txt,3.5266332026,-7.04200395904,0.343406487901,-1.07746560054,2.43983675219,1.12150155459,-0.454184457209,0.834230243991,0.734517331193
SW0123P1.txt,-2.12135486792,-3.5497959666,0.182728683415,0.0987093405804,-2.95684262341,0.170097332389,-1.12922071475,-0.40757245846,-0.452926996294
SW0111P3.txt,-4.66696716245,-1.86189722095,-1.51830263543,0.199560619289,-0.613419221384,-0.590295881085,3.53603186109,-2.72331467256,0.247802314376
JP0151P2.txt,-3.60003603568,4.32217447693,-0.899316294728,-1.75210384222,0.359578907467,0.969282787134,4.77416366713,-2.72331467256,-1.03239080643
JP0115P3.txt,-18.2324659217,-11.008422786,-10.7983911881,-7.73451649778,-9.83540420402,1.75883289414,4.48915256713,-2.72331467256,-1.92278024391
SP0124P2.txt,-4.53934293035,0.399552127627,-3.17838024929,-3.51659320373,-1.57959616127,0.65839630829,-3.37558310677,-1.35323186798,1.92637857469
JP0127P1.txt,-3.10286123104,-4.39290738763,5.58865809621,-1.56961534036,1.94351080272,1.40574617252,-1.2436540288,1.10350917161,-0.169024091702
SP010312.txt,-3.32978617842,2.31515779802,-2.93514373685,-1.43716037868,-3.14418978427,0.322517265632,-3.47462393438,-0.950696326272,1.04638715358
SW010812.txt,-0.664666907665,0.0505383274992,-0.167052734205,-0.373529632438,-2.43976237138,1.21168188176,-2.89507956504,-1.2813436879,0.541962323545
SP0128P1.txt,-0.283500996934,-1.7347250831,2.52803133448,-2.10487675075,-0.610215581516,-0.89015831933,2.19652503316,-1.59336014447,-1.84454334908
SP0108P2.txt,-0.140479533095,0.130362396524,-0.812918226083,-0.381195291746,-1.65632313725,-0.565810777748,-2.22045742609,0.920420677245,1.15990394959
JP0139P3.txt,3.39165627422,-1.06704235964,1.28486214269,7.85107578713,1.57338589264,-2.92304354811,1.94633939127,-0.295718128402,2.64678279006
SP0136P3.txt,5.82015972717,2.9309390239,-1.59487176272,5.66203988477,-0.0811781883148,-7.0542509886,4.87078316567,-2.72331467256,-0.501845485725
JP0107P2.txt,-7.11538702217,4.29126344163,2.60752506713,-4.30263100478,-2.49952551735,0.46403958057,1.0985362583,8.4910168819,-0.218391759122
JP012012.txt,1.96018832929,2.34797919118,-0.903260216183,-2.73100399124,0.942310393421,1.21096694103,-2.16296117188,2.44509833942,0.740891736996
SP0104P1.txt,-5.08139140497,-4.35969162154,-1.9399800947,1.87342991853,-1.73498889093,-0.840166072836,-1.02847630028,-0.755508373783,-0.471752909909
JP0143P3.txt,-1.20624413005,-0.0306711543041,-5.61919538035,1.98325456155,2.56113806187,11.8539312847,3.80882198774,4.09368170737,-1.02183556829
SW012412.txt,3.03603861597,1.86088219376,0.00485488170532,0.205834974696,-0.634824878739,3.12677915633,-3.13329480497,-0.678585313447,-0.160987595463
SW0103P2.txt,2.35180645022,2.0035285201,3.06260572351,-0.0379649382905,-0.211934503156,4.46296000069,-1.1537871133,-1.55579906124,-0.645754786263
SW0147P3.txt,-0.27968641065,-1.73597991784,-1.51454114159,4.84759978728,-1.10066754791,0.806367034997,3.1399197818,0.185249220918,0.614138333212
SW0117P2.txt,-4.68965149677,-1.94584565671,-0.776856779592,-1.53509361022,2.38357886588,2.01809183984,-0.864504337885,-0.791970935336,-0.441316717062
SW013012.txt,-0.54460591879,-0.0129664666347,0.0485624583937,0.632539842298,0.0291658158221,3.2964858327,-2.76848363635,-1.41277663597,-1.26020419225
SP014112.txt,-11.054020833,3.71575796118,-4.21981992277,-7.73451649778,-1.672598834,2.45675426974,3.96506209305,-2.72331467256,0.802804968478
SP0110P1.txt,-2.08201654806,2.83193403274,-2.11824855406,1.35827840158,-1.60481615708,-0.820307310864,-0.814995704816,-0.71736852172,0.482187692762
JP013412.txt,2.83824529012,-1.16313152557,4.14070736463,-3.32393768628,0.119347614774,-1.0512485706,-1.36230470176,-0.182037861936,0.0662571371931
JP0113P2.txt,-5.84049383745,3.9440299679,2.55462093197,-5.98421806614,-1.48486041864,0.269330727407,1.61359433912,8.36621769007,-0.609188496985
SW0129P3.txt,-2.93918980004,-1.51212632683,0.722229935565,6.00736809254,1.43346895798,1.24777023558,2.97834142218,-1.17060816792,-1.02306665398
SW0140P1.txt,-1.90689935937,0.00408855622236,-1.5503714187,-1.05180702627,-2.61517992989,3.04999510365,-2.12947296905,-1.72928021059,1.0438741925
SW011112.txt,-2.41719008311,-1.90819131811,-0.167904026543,-0.994560747897,0.4353093589,-0.199528419346,-2.81582514254,-1.66606539384,0.281065946135
SW0136P2.txt,-3.95840501021,-1.38920702044,-2.00442243759,-1.54407292916,5.60702911725,-2.48503290632,-0.74570427713,0.0870394061741,1.35877616337
JP0144P1.txt,4.01445176087,-3.77239105147,0.736279168155,-2.50634075942,-1.1464814526,1.17108330544,-1.73026771929,0.204768748409,1.12605111194
JP0132P2.txt,-2.28606349777,2.89075012274,5.84541588372,1.06791266888,3.37995378986,-0.113449479501,-1.04399901576,1.61364594334,-1.62985204645
SP0103P3.txt,-3.07880956946,0.619518708289,-1.03660748043,1.70956156889,0.388728901939,0.436420350132,-2.60402400178,1.14187962388,1.23124357029
JP011512.txt,4.1837978201,2.58486158406,4.87618038479,-1.1596279985,0.104819230257,-1.55622421015,2.42673603007,-0.870941289883,-1.86370487158
SP0131P1.txt,5.97490593901,-0.522326370437,3.1695334911,0.651010313181,-1.10834694404,-3.80645815513,3.72632349768,-2.72331467256,-0.486581308186
SW0108P3.txt,-0.0778829297786,0.845371148453,-2.17928894718,3.2296722658,0.6700535125,7.07214029706,2.15849559455,0.153965908725,1.87362422075
JP0148P2.txt,5.54987521926,8.45697590669,-1.88763511887,-1.26093966545,5.02951670591,-0.281385461485,4.1887536637,-2.72331467256,-3.10364172247
JP0118P3.txt,0.444048165789,-6.71937443924,0.712962568906,7.34793041528,7.92760670757,-3.41998851642,0.654824442353,-0.994413422205,2.2208148952
SP0129P2.txt,-10.4997001599,5.53306534088,-6.49649680928,0.102350940698,5.80752829173,0.794853361289,4.73160806204,0.803293129988,2.94193952044
SP0125P1.txt,-2.4824339501,3.01989413228,-1.41944593037,-0.705840740033,0.678869079647,1.21471878993,-0.651911447914,1.2637275165,0.273447157279
JP010112.txt,-2.06894345143,-2.66296309783,-1.17458188138,-0.208607466121,1.22900278902,0.927419891638,-0.527227339567,0.869117841,0.00254382211016
JP0126P2.txt,3.40209475723,0.179340722239,3.07786997917,-1.80401740677,0.707144668585,-3.74722145613,0.0892825604762,-0.246769543273,-0.849905109681
SP0117P3.txt,-6.46405013413,-2.27504788313,-4.21277305674,0.416174150386,-1.01326106764,1.08837669239,-2.94349236659,0.841802173054,2.24103674497
JP0150P1.txt,6.80847959027,1.40912527962,5.21069938068,-3.75343647258,-0.482618279343,-1.37147486536,-0.126852197637,-0.00333860020003,-0.259632453144
SW0122P2.txt,-0.412147721351,2.29252498695,-0.379360123406,-2.15054419322,-1.22522413097,1.63783940073,-1.9783031923,-0.145503513224,1.34695651573
SW010512.txt,1.13740741566,3.20680376463,0.963237242767,2.23762962502,-1.66562168912,-1.66875123019,-2.91234419284,-2.11701023589,0.0452188736463
SW0128P2.txt,0.919348718255,-6.15099902462,-2.42798059394,-2.98949591585,-0.928333434873,3.93034362452,3.94412357038,0.373332837087,-3.12396384594
SW0124P1.txt,3.7943480223,1.66157726662,-0.0744692521502,1.297779676,-1.30937207049,3.50710073691,-1.77313327579,-0.532464598775,-0.661226208907
SW0116P3.txt,4.27618467881,-7.23121087389,-1.98324531351,3.17658431276,-3.97077571249,-1.52259298306,2.3706130517,-1.90537835283,-0.355613814002
JP0112P3.txt,-0.429790293491,-1.5412343503,-0.389181081437,0.277702359551,-2.56655246063,3.79172038149,0.586367574051,3.44193173579,-0.799033394426
SP0123P2.txt,-10.1867995127,4.68259974025,-3.96881930124,-2.41002549058,0.731132285625,-1.26333603064,-3.98111801585,-1.81909824022,0.930829653098
SP010412.txt,-2.45181436981,-3.07424274061,-1.58194326352,0.79616545487,-1.65829156415,-1.52807291704,-2.87937010713,-0.998557781345,0.056503137169
JP0120P1.txt,5.67587188381,6.61548457453,-0.378963035975,-1.63322360072,3.97734584581,-3.72140714462,0.268974380664,-2.72331467256,1.08199017466
JP0134P1.txt,1.40385510195,-3.19948712467,6.59294909058,-1.53218504303,1.76875714302,-2.49945194002,1.46117455289,-1.44011759813,0.274430474689
SP011012.txt,-0.0991067880697,0.23696737368,-1.00418855452,3.05108817098,-0.489726304882,0.2409822781,-3.28867709708,-1.04730277495,0.26563937464
JP0106P3.txt,-4.77778211805,-0.848762686524,-2.51102282217,-5.70149717415,-3.12292776989,-1.23835056588,2.83960030534,3.3810915773,-3.75560538535
SP0141P1.txt,-11.1601724509,10.8785958381,-3.75357505069,-7.73451649778,-9.78118825589,-3.56686047801,3.3252476779,-2.72331467256,3.66677935889
JP0142P2.txt,-9.08987250815,-3.18998001499,2.12359520649,-1.52400425372,5.64177816585,-4.27046661719,0.334753620919,0.0158345249595,0.22308293651
SW0102P3.txt,3.9398482992,-0.84485665456,0.336577497856,3.60222500409,-1.14429264939,1.46134056608,2.20873377311,0.4795595614,-0.71419333273
SW0130P1.txt,-1.68899989092,2.16088410661,-0.0418037474632,-0.00298031472546,-0.689127917021,5.32664011021,-2.28656706785,-1.35805754933,-1.84318647994
SW0146P2.txt,-0.268867508092,0.0436689311849,0.0485923961927,-0.0765333505111,-0.640855417687,0.917453677743,-1.1817745328,0.369869620111,1.40937192393
JP0138P2.txt,6.35164994385,3.20112909188,7.24302653894,0.875071017188,-1.60441048309,-0.927771011385,0.371940274233,1.42961168824,-1.0492230424
SP0109P3.txt,2.71745982138,-2.43161650096,-3.57904301393,9.69850795279,-2.71526241536,0.341687031609,0.752611674088,-2.20668052985,1.97032407751
SP0116P2.txt,-4.97969776172,-6.72537497721,-2.05678836822,1.92487179682,-1.51300256637,1.68505135395,1.52237046825,-0.166755160824,-1.57119928213
JP0127P3.txt,-5.05910507555,-4.84625130101,-1.82887969275,-1.21909023984,3.20441141422,-1.56925653342,-0.796010751076,5.95759131796,0.247905187231
SP013112.txt,2.7772219017,-2.77187384001,1.28004245592,-0.938558219589,-0.799422833136,1.29899324196,2.68907536895,-2.09926904598,-0.856315521345
JP0115P1.txt,5.07842841154,2.97870349968,3.85917199173,-1.72745454317,0.974195846133,-1.51269148487,2.38778194791,-1.5875091961,-1.82091839955
JP014412.txt,2.79512106566,-2.98443734314,-0.208509875712,-2.43954458209,-0.187237574558,0.439089828498,-2.65893410943,0.444614753972,0.975549575197
SW0111P1.txt,-3.55629293374,-2.13903608681,-0.779866259561,-0.44562854481,-0.374406873508,-0.0416560746621,-1.98398611883,-1.48677906667,0.238139440164
SW0123P3.txt,5.08049935714,-6.47971659825,1.41018394155,4.12463265736,0.907711976424,0.236269879742,4.53443461881,-2.72331467256,1.73890796459
SW014012.txt,-0.405409644944,-0.935671006012,-1.41989034265,-1.00149610289,-1.98146702023,2.56399230391,-3.11259076584,-0.643728635929,0.554753243887
SP0128P3.txt,-10.3439462569,-6.00722437406,-4.3108798296,1.03127481588,-1.56762985051,-0.343875129204,8.65575868555,0.973718519558,-3.70204589211
JP0119P2.txt,-3.45527648953,-4.28705335952,-2.45318915394,-5.25835287212,2.07306641769,-3.60470474915,0.319743972858,4.21135739902,0.180316823683
SW0109P2.txt,-7.05559226968,-4.35757947234,-3.14596241984,-0.300166556307,1.41127984341,-1.6076274023,-1.26004425064,0.0165997230867,0.201477897264
JP0149P3.txt,-2.87007914175,-11.1838044812,-1.88876080324,2.72565318253,0.920764542266,-2.9894737751,3.51162369884,0.949005637486,-1.50552251537
SW0137P3.txt,-3.1204666573,-3.04470765311,-0.770595144986,-0.251078803458,1.04885395692,3.02336527452,-0.739087610416,-0.145579952435,0.879748466516
SW0105P1.txt,2.84113391429,2.31329517642,0.311563061294,2.46483717162,-1.02053758963,-1.72191467174,-1.81362338388,-2.30247355345,-0.0174836146072
JP015012.txt,5.93473019362,-0.337783214513,4.39410582147,-3.78665125155,-0.150031644346,-1.23504550514,-0.58102027685,0.745127013974,-0.506275166281
SP0146P3.txt,1.41541358238,-5.88491294721,-1.36684755879,5.79511553902,-0.842083633204,-2.5627582199,1.09391261545,-1.70538853352,-0.0852550189154
JP0101P1.txt,-0.913145005063,-2.020577475,-2.33569688643,1.30882340641,-0.404512014284,-0.705638739838,0.382245977497,-1.6853573888,1.96562524727
SP012512.txt,-5.5678298897,2.85592312674,-1.85536262766,-1.91908533111,-0.946403042465,0.772505385443,-4.26501175169,-0.62765185667,-0.151410030365
SP0102P2.txt,-1.30002447438,-0.00297404567019,1.95764481047,0.944363459534,-0.0781271836168,-0.417007989991,-2.38247502875,-0.331864536287,0.179681993263
JP0133P3.txt,9.1744462309,-2.80715735071,-2.51255180828,1.0121955232,-0.049898003926,-0.126671785487,3.70365618082,7.23836944976,0.320229883447
JP010612.txt,1.70639528068,-1.93935646376,1.75926085977,-2.80803051763,-0.626044739066,-0.679894398553,0.1625050221,2.26438100202,-0.804128216513
JP0121P2.txt,-0.200337499495,6.80104725705,-0.943025624772,-4.1404176282,3.01397572906,-0.842735686911,-0.482666431687,2.01150795597,2.76451104713
SP0110P3.txt,-4.89761203395,0.14774634118,-2.12815374215,2.11702566728,0.138601424064,-0.0808548673247,-2.65474918152,-1.42312081511,1.67116401806
SW0125P2.txt,-9.19433814037,-18.5156306835,-6.04179281859,1.76119375931,-0.695525114143,0.516342007687,5.28621065001,-2.72331467256,-1.03847925894
SW010212.txt,-0.603806178548,-0.17655190057,0.881613586157,-1.12521330603,-0.201188000112,-0.749475312292,-2.98784658739,-1.98801590166,0.230891037865
SP010912.txt,-2.25174485937,-1.91143624422,-0.816736330393,-0.360301339194,-0.431736112525,-1.01527337924,-3.04935705034,-1.14143983815,0.165911215851
SW0129P1.txt,4.9443298831,0.43516254404,6.72636789128,4.440725541,1.41403695623,-1.31071686144,2.7775186618,2.92998472643,-2.44434251596
JP0139P1.txt,0.636785381627,1.24805847137,-0.726993365178,-0.983894414568,4.05138128475,3.20900399572,0.581349937699,4.05651308236,0.227405043023
SW0147P1.txt,6.45119762762,4.73396579225,1.08648931471,0.536074241434,-2.76613140642,0.805710661529,-2.33819078025,-2.37362735358,0.0371103082783
SW011612.txt,-3.03255958682,-0.0130761915884,1.33954535408,-1.48835067744,-0.165993234208,0.795378534735,-3.14464382669,-2.2210927248,-1.08774934055
SW0131P2.txt,-2.96983409583,0.484996393266,-2.66888213935,-1.68260163635,2.23513709632,-0.336269291435,-2.36756948142,-0.583635468515,1.20559082934
SP0140P2.txt,-1.66602360149,-9.02113275305,-7.33019714383,-7.73451649778,-6.43662057283,-6.5922076637,4.57877036648,6.24014613576,-3.13756397499
JP0143P1.txt,3.76161485889,-2.64439013585,0.326603960653,-2.44164370007,-1.20051867334,0.452510975546,-0.556942565973,-0.550624203512,-1.83293592138
JP0135P2.txt,12.0957952188,0.930942610214,6.97572256293,-0.255943902533,-0.598883634806,-2.33937922897,0.502844682361,-1.59401889091,-2.78298306548
SP0104P3.txt,-2.2305523956,-3.16474578866,-1.30273560755,6.32210723532,1.41499992612,-1.07980408739,-0.893186652135,-1.11937607789,0.381915004425
SP0136P1.txt,-4.11921120625,1.60627404949,2.05820165263,-1.11572326217,-2.18882254141,-1.99346167985,-0.474092842779,-2.13259465324,-0.261258649657
JP011212.txt,-0.220516137797,0.489503100984,1.80748841275,-2.49553957628,1.6582298906,1.48360526913,-1.38718105444,0.843145621556,-0.360941373979
JP014912.txt,-0.445956809077,-1.48775745607,1.52625920753,-1.79112016867,0.925396802772,6.24808200912,-1.32502414904,-1.52394755636,-1.51445055594
JP0118P1.txt,10.6061042108,-0.73357785751,0.590348448937,-2.2705403,3.45188917374,3.57350515986,2.02389459545,-0.737751683634,1.16537851012
SW0110P2.txt,3.82717396149,-3.65855733493,7.93184047207,-1.8602761356,-1.29779323034,-1.22876099387,5.16019225049,10.2543171802,-1.75952637383
SW013712.txt,2.31272717363,5.98399510589,0.948080040051,-1.34359100408,-1.84462464426,3.11562283102,-2.99250581274,-1.05510846711,1.04671232607
JP0150P3.txt,11.3265272948,-3.77758633112,-2.98039556657,11.9637020282,-2.48138818114,0.724576222155,9.0172542789,1.90301990188,-4.20420564732
JP013312.txt,2.90654272387,-4.2287764669,2.51182335419,-4.76675112335,-1.27221215444,-1.74710628008,-0.760669219875,0.575133229593,-1.16454047963
SP0117P1.txt,-2.57798337363,0.7962132526,-3.41014832491,-0.14486148216,-0.332531373404,-2.618570834,-0.435689171051,-1.65930500966,1.41565744102
SP0125P3.txt,5.43641206828,-0.906860423419,0.0946663494658,5.20880826084,-1.61721406887,1.23977952856,-0.337324974455,-1.13011235052,1.05781179218
JP0114P2.txt,-4.68036512065,9.71717291043,-0.447597968203,-4.43834191892,1.67153043454,-3.41582573261,1.54571341065,5.82588670266,3.1768096127
SP0131P3.txt,1.40816708015,0.880553193667,-1.00560514561,4.19836225424,9.88827981908,-2.78676304238,6.54786822478,0.661757601183,1.03540093487
SP0103P1.txt,3.2276089667,6.34705367631,-2.21180412187,-0.129513587677,-2.72763731688,2.13128457232,-0.237814210378,0.303995218616,1.69185072849
JP012712.txt,-1.36975277785,-3.82191109482,5.18078574155,-1.35466936672,1.56137314715,0.551579528131,-2.15039096016,1.55817684701,-0.42442167692
JP0144P3.txt,-2.03983516173,-4.5697576367,1.45337239954,0.646825972102,5.93879907161,-2.45348591223,4.73678765986,2.9574349822,0.0570221380449
SW012312.txt,-1.47347040617,-3.90314829825,0.420986824638,-0.131269279379,-2.08971257277,-0.158309678235,-1.27808431111,-0.156829971551,-0.299447776269
SW0104P2.txt,-0.534703396074,-5.40357713905,-1.10664655353,-2.21810618278,0.724116659616,0.948172772733,-3.16653352497,-0.268440330513,-0.615860810417
SW0140P3.txt,3.35418400372,-6.56021750378,1.28741247569,3.69164555222,-1.20742144352,4.31959825856,3.31360517756,-0.520441687997,0.520518889328
SP012812.txt,0.330083993554,-1.96043186343,2.69912890666,-1.67440286823,-0.104522143192,-1.18134329423,1.70982703919,-1.07809650778,-1.26662573855
SW0108P1.txt,11.1340865966,2.11528399929,1.38620939582,0.643665594433,-5.32926069524,0.462030227157,0.97177205826,-1.82944493442,-0.474180489608
JP013812.txt,9.27905475593,2.85534175639,10.2005225216,2.84479988829,-1.58673131302,-0.0475042884643,-0.529155583922,1.33743456479,-0.578565374619
JP014212.txt,0.564413782902,1.73777016996,3.46103352998,-1.0927530643,4.48704688855,-2.40407196678,-1.91980494475,1.13333405081,1.3649232255
JP0121P3.txt,3.78524253915,0.540349056186,-2.87674361543,7.78606046897,1.80293369973,-2.16087359819,-0.135561545364,1.60101321628,1.64556365373
SP0110P2.txt,1.24544417249,-1.32347423206,-0.525023487693,4.1831399018,0.66860556532,0.771559198153,-2.41205369205,-1.2681381777,0.231957335738
JP0113P1.txt,7.03660660187,1.30740593589,11.3148374158,-3.89679035459,1.15749464585,-1.12133636069,1.47907755911,-1.69136988948,1.43537552636
SW014612.txt,1.47422119652,0.89753320629,-0.422402627424,-0.141951276898,-1.12715173771,0.144630544946,-2.97504778565,-0.369302015704,0.728276906704
SW0117P1.txt,-4.9956482988,0.164075504522,0.167423940161,-2.06606467097,-0.174954883562,-1.26397178069,0.219316714578,-1.10585051206,-1.53653907444
SW0125P3.txt,4.74097065218,-3.82854843912,0.376553752002,0.184701599117,-1.50346871121,0.628185018165,1.20383434246,-0.624336713887,-0.832481738332
SW0131P3.txt,3.061980832,0.338845555549,-1.9141651324,6.38001948562,-1.56836739231,-2.07018891092,2.60746240197,0.828924921866,1.15404423438
SW0103P1.txt,8.86089973934,5.34146173895,3.29848327948,0.787989274134,2.72397648127,0.0524322853035,-0.724437792052,-1.29401583337,0.0541268538002
SP012312.txt,-9.43186740993,4.9860817523,-3.78553222143,-1.54246147825,0.427381419818,-1.30696496018,-4.81415045502,-1.73653537373,1.29772917778
JP0107P1.txt,-6.41888701615,-4.17478217931,-2.39223547419,0.0934575784167,2.53851081395,2.76225762821,1.7255427247,-1.92059146921,-1.36236044638
JP0135P3.txt,-1.38277475164,-1.14981139515,0.264356670698,1.07748037586,0.359969025422,-0.967192009227,4.85940682514,0.0308265713438,0.380699915477
SP0104P2.txt,-0.327984891741,-1.86481614546,-1.41828028948,-0.138093642393,-1.20705349344,-2.10089449452,-1.65465289515,-1.16084955583,0.470069453787
SP0140P3.txt,3.71624903598,-1.22102051272,-3.82424989623,7.92694939135,4.5456716038,-2.05397754805,4.69760169845,-0.386847843869,0.536171713888
SW012812.txt,5.48181637843,1.52778807806,0.537153547768,0.183403225152,-0.379901926992,2.20874026333,-1.72953159178,-0.861874129442,-0.473585058503
SP0108P1.txt,-2.07099714139,-0.386372531496,-2.99168743736,-0.239727551926,-1.07181034069,0.148849059517,-0.794800332695,-0.786762475592,-0.111011865628
SW0122P1.txt,3.26355554064,10.2102343801,-0.990578597216,2.04379160709,-1.18603284895,1.10473666101,-1.93692000051,-2.16785604059,0.978059688473
SW0110P3.txt,-1.0957195221,-1.16461456963,-0.0175009565834,3.1517792712,-0.284529223266,-0.730982922103,0.897311346076,1.58791177933,0.989823267228
SP0125P2.txt,-6.73971637005,3.00726030923,-2.52654030607,-2.54648762282,-1.33635399046,1.05320600397,-4.02783853164,-1.40084019518,-0.292778447764
JP0114P3.txt,-13.9371431175,-3.98047490224,-7.91134542254,1.02088464863,1.94355293428,-2.38908382239,5.50001784619,-2.72331467256,-0.479855727847
JP0126P1.txt,6.32302588691,-6.90641155735,3.97303948941,-0.259920598779,2.36604207249,2.2426711106,1.15231097505,-0.403249937816,0.0175436945893
SP010212.txt,0.39496044544,1.03223969086,1.42562390475,0.303521335288,-0.891656121156,-0.632738218062,-2.61268695761,-0.453795911488,-0.736138255069
JP0150P2.txt,0.388791075825,-17.6055091032,-2.19101053624,-4.10965770338,2.71789810693,-0.306598380396,3.29160103179,4.50520746872,-2.13637203232
SW010912.txt,-0.546800850988,-1.41300891737,0.647590880324,0.105097773667,-0.779419926909,1.10744871018,-2.99824689976,-1.39950631496,-0.330136150415
SP0129P1.txt,-1.47708333151,5.87134784859,1.18910166353,0.0512097299473,-1.24681165964,1.2302845918,-1.16495507522,-0.768286786171,-0.0275658658295
JP0148P1.txt,0.423458688453,1.00680596399,1.504913826,-2.83813975248,0.629547102578,-0.618440609383,0.523693925196,3.99108104499,0.417637096052
JP011912.txt,-4.37896090448,-4.93199978764,-2.22416118994,-4.53766718078,2.02206379822,-2.61952075543,-2.39653237474,1.07486739655,0.792938255862
SP0147P1.txt,-0.558012483511,11.0760133138,3.15773955663,-1.11777058204,-1.28932563469,-1.37499877682,-2.20484235168,-0.79239455745,1.07706246398
JP0144P2.txt,-1.55496954825,0.157501231239,-3.96872465488,-1.99127074302,3.78387383527,-2.12697627285,0.990523659419,1.23896380695,0.390783115969
SP011612.txt,-2.98683757832,-0.870994821356,-1.83698691688,0.689064435955,-0.697755114622,-0.57103376596,-3.14852477918,-0.709718723186,-0.127723049032
JP0132P1.txt,-3.37893947286,6.97215508929,8.02199967914,-4.77161941809,-1.44769560695,1.03499189135,2.91619545453,0.470856088134,2.47460042043
SP0131P2.txt,-5.58359047873,-3.68229757765,-4.42356897596,-5.0091380943,0.395801347355,1.70515369892,5.63856280515,-0.460186675433,-1.3574655659
SW0140P2.txt,2.26965295959,-2.34648545035,-1.27405759271,-0.949953196732,-0.29787873952,2.51144181405,-0.714515446688,1.25279569383,-0.32114835578
SW0104P3.txt,3.73094559786,-5.03422291605,-1.09903894663,3.10665716808,0.533668608319,6.35714339952,4.07389514714,2.14964545004,-1.33205386816
SW0136P1.txt,-0.975804302306,0.225047965528,0.166614936743,-0.358399574333,-0.21475707591,-2.64786418213,-2.45594070506,-1.03429389395,-0.4404264052
SW0116P2.txt,3.1260031464,-2.94382879227,3.71681891133,-3.08445459764,1.667068184,2.87650027578,1.72745010365,-2.14806275029,-1.31350698127
SW013112.txt,0.577086334189,0.271201002406,-0.881428391477,-0.153845219717,-0.0622379305204,2.93355020146,-3.76724774106,-1.38309489698,0.707051046166
SP0111P1.txt,-0.415598997191,-1.260077827,0.524464819735,1.66701617149,-0.734873687656,0.258717967729,-2.98721055832,-1.932856709,1.36302945997
JP013512.txt,9.36457977523,1.01546842454,4.24661062795,2.18571490613,-1.19374487701,-0.0114509797884,-1.20173815059,-1.64577059363,-1.18036488749
JP0112P2.txt,-1.33450093795,-1.81617334225,-0.315689611149,-1.12687471228,2.46932181022,1.6057024015,-0.322944099957,1.62358233818,-1.23438753743
SP0123P3.txt,-8.90297696558,4.56968424087,-4.26989701833,2.97990746573,-1.6555095378,-2.59096113827,-2.96622741241,-2.58281291104,1.75534915418
SP014012.txt,2.31858948035,-0.691200908032,3.53697107461,0.392499059583,-0.106816855538,1.619761223,-0.834511949404,-1.15304712051,-0.0311211254943
SW0128P3.txt,4.65855788875,-3.82575906449,-2.52367928539,7.88901837285,-0.844411294742,9.99087262437,6.71056728482,3.08686501851,-0.594624153828
JP0138P3.txt,7.3741153365,-0.410929799153,-1.88765597162,5.22816258773,-0.518362862123,2.72651582226,1.93841873222,4.00185447567,-1.19140702067
SP0109P2.txt,-1.73277097423,-3.43030407828,-0.650781437255,0.0104400209405,-0.291320221054,-2.18222367915,-1.91382829665,-1.31572751197,0.0719296046038
JP0142P3.txt,1.86954306156,-1.75044793778,-2.27374033067,5.10835265376,0.0436202288963,-2.19217540933,1.83997158302,-1.13912507457,1.44719345278
JP0106P2.txt,5.06305001251,-1.43687372581,3.1685815636,-5.1514162385,-0.880428638577,1.1023464826,2.52278637848,4.76104935752,-1.27796710773
SP0137P3.txt,3.54619090055,3.04761452337,-0.104219331143,3.86766880028,0.717387864802,2.2741672688,1.56303873359,0.851414137799,-1.01512234798
JP012112.txt,8.83998782641,3.03283554573,0.88652846065,3.91022390579,1.2152804786,1.38242863164,-0.788038916796,0.0708279171966,1.36322497108
SP0105P1.txt,-0.489284045739,5.69313858983,-1.4316061981,2.29513823333,-0.617914937536,1.13751934888,-1.88411449803,-1.41581968729,1.82413881137
SW0146P3.txt,9.95983360329,-3.22211783231,-2.16788557803,5.17301651671,0.259327616298,-2.81594974381,7.19656544589,2.27975358389,-0.0974007163089
SW012512.txt,0.328972302456,6.24247033344,0.138161857236,2.79079517505,-1.53709457185,0.174565295448,-0.60815652632,-2.14020340688,-0.514317281929
SW0102P2.txt,-0.109239848007,0.489826519188,1.56264460896,-0.495463883699,0.690504642142,-1.26007080115,-2.44052748276,-1.87953813031,-0.0824706921014
SP0128P2.txt,-3.35125915439,-5.2617471986,-1.5585057013,2.9385521079,3.24741154106,-3.31341238145,6.99434985791,3.38232014565,3.12473564364
JP0119P3.txt,-4.58653615945,-3.69031302403,-2.51058254568,-3.19058235759,-1.08540741482,-1.39027607743,1.79254616956,2.45546747641,-0.608671370708
JP0151P1.txt,12.4035455602,4.53522653489,-0.0311426254679,-2.68944935286,1.67417076183,-4.23218877618,-0.0500523009525,1.25641830802,0.410970273788
SP0124P1.txt,-3.47162862714,-1.26688363963,-1.29215466527,-0.142551343335,-1.08463399906,-2.98958420907,-1.2679472976,-0.161999450711,1.17705269916
SP0116P3.txt,-7.05314083538,-1.43409861176,-2.14289524051,3.80672254425,1.01587871104,-0.052682219269,-2.0467051769,-1.29984873445,1.16503464875
JP0127P2.txt,0.71974028259,-2.948657604,4.52950534729,-1.05956864468,1.17936693254,-0.785564213279,0.845728063139,2.1803594354,-0.737363729079
SW0123P2.txt,0.837461676266,-5.5047174941,0.487006283799,-1.3417681084,3.35754466348,-1.77975600529,3.61781372825,1.22949365342,0.523945589558
SW010412.txt,-1.76575897467,-3.52740409969,-0.372476959181,-1.98079261832,0.419649324775,0.658177385156,-4.30511033022,-0.989891575987,-0.344925721388
SW011012.txt,4.37520584179,-2.99978046513,1.82456898949,-2.33389650348,0.860235207634,-2.76710068316,-0.297631084649,0.805292502424,0.450975840395
SW0137P2.txt,-9.81837757098,-4.02151024049,-6.22996329006,-5.67471025904,-6.74832268373,-2.3814505107,3.00378713846,-2.72331467256,-0.286676704057
SW0141P1.txt,-2.26035027509,-0.417608651301,-1.2985019361,-0.985769756539,-0.546656020007,2.40396885819,-1.01246583234,-0.774461560377,0.692951503807
SP0102P3.txt,-1.62460523098,5.50287919402,-1.92110442302,3.50539656418,-1.51053441516,-0.24851088531,-2.98000707922,0.54428726986,2.30314192182
JP0133P2.txt,2.39223441454,-5.77483945495,1.30260445806,-5.23908467801,-0.837403117773,-2.85147259804,1.24657624763,0.31568452243,-1.75817996991
JP011412.txt,6.37577263394,4.98596308903,5.00324449151,-2.09833805798,2.23453429025,-3.47956953148,1.81355088676,1.39217944736,1.40850599444
SP0130P1.txt,1.24284732473,7.8759256726,0.682543167276,2.18733128775,-2.53339873512,3.0544253164,2.1794917913,-1.95901375159,-0.921388151555
JP0145P1.txt,-0.601275595489,2.85190623029,1.91010811133,-1.82368827738,0.0599614266333,0.0397507979927,-1.47193618608,0.799818526594,-0.0379324551121
SW0109P3.txt,-3.51663695059,0.22308490964,0.299197920457,2.23108859506,-0.0206902875913,-1.02422074123,2.67839537147,-0.0126600209223,0.13160108814
JP0149P2.txt,-6.11655134974,-2.20682489022,-0.663224354987,-3.83288700533,2.24421896397,5.57305827841,1.13977010907,-2.72331467256,0.678154818176
JP012912.txt,-1.6433631739,-1.79721445989,4.01394480069,-5.05033038762,0.642785867954,-0.420951328604,-0.358418013242,-1.1974510255,-0.89086128505
SP012612.txt,-6.99887683762,-2.60181736204,-0.352119779536,-1.30634069021,1.27747414773,-2.71151673963,0.84221506282,-1.37384837308,0.303913080669
JP0130P3.txt,-0.717854327572,0.228766202525,2.08473286337,3.35373505153,1.40126746422,0.666347373161,0.360458621083,0.629044889092,1.08547009138
SP0101P2.txt,-0.154728445684,3.28048664228,0.146234637573,-1.69207767107,3.14904327114,-0.465552414854,-1.9578152237,-0.106216613557,1.30582297639
SP0145P3.txt,1.21951008252,4.78816323177,-1.21066014674,3.10183720184,-1.40566526205,-1.76528773826,3.3112730712,0.633363903148,0.959153195544
SW0134P3.txt,2.04437404969,-7.64314401472,-1.98709995438,4.35345826891,-9.4004910823,-2.90309964694,4.87705810591,-0.593084137747,-2.89707456867
SW0106P1.txt,8.43289980185,-0.435195773402,2.83890416513,0.672092258995,2.11394508532,-2.40689063911,-1.20369237766,-2.0166405259,-0.0435442803212
SW014312.txt,-0.00448368825253,3.51889839817,0.000715999831935,-1.49012668486,-0.513886442657,0.404419635265,-3.809956636,-1.85024544653,-0.185617327018
SW0112P1.txt,3.07673419711,1.95976346061,0.799165860632,2.84290251675,-0.607800025882,-0.651442994417,-2.34634034378,-1.46530824522,-0.502396289633
SW0120P3.txt,-0.0296598830467,-3.74724801343,-0.903722214814,1.94831242001,-0.384807145302,1.79757801313,1.46934353362,-1.2410125065,1.16524991912
JP014712.txt,2.83940462792,0.117481679775,1.81735445775,-1.844237679,2.88502321171,0.0884237337628,-3.0937908569,-0.728286473855,-0.577796781564
JP0124P3.txt,-1.07711594918,-3.19260760265,-0.27852266584,1.29777092821,1.12819709862,-0.278810856688,0.910597633308,2.61355254462,1.71990844031
SP0115P2.txt,-2.50369779039,-0.978897851998,-0.455801844386,-0.0201839385842,-2.92081392832,0.800187167541,-1.76793525967,-0.912400570003,-1.02695721102
SP013212.txt,4.60889156912,3.70094121943,1.95894820501,0.674848973091,1.12495598751,5.62288423089,-2.1841376654,-1.87269435566,-0.382526483161
JP0116P1.txt,-19.3408816587,-26.0412371239,-12.7420412626,-7.73451649778,-13.6337358521,-3.58558455538,-13.7197947205,-2.72331467256,-33.5907713885
SW013912.txt,-0.754786557508,2.32653016348,-0.893723113044,0.91781364946,-0.206138741331,-0.15299818304,-3.97727661425,-1.29268641024,0.77220097217
SP0119P1.txt,-3.66021142708,5.86789291258,-0.37135952068,0.777757358584,-2.19037863914,-5.67636365,-0.208146379722,-0.703103171867,0.236903400148
SW0145P2.txt,-4.83440956806,3.77265532962,-2.15668928478,-2.11761644854,0.0739990728183,0.373593771104,-2.18492621105,-1.99428891254,1.11096322745
SW0101P3.txt,-2.04954515966,-6.69286651837,-0.496819356287,1.36211619263,-5.66341680455,3.29220517688,3.83450822369,-1.5236503304,0.101151799445
SW0133P1.txt,-5.43425914748,2.16471591522,-0.369031295936,-3.10214549014,-1.46513617941,3.59307319534,-1.87862215027,-0.858448783428,0.743048230387
SP0142P1.txt,-1.36040541815,0.192594110216,-1.46490859088,-1.56690219836,-0.976877854202,1.66230145993,0.824390471721,-1.28570215243,-0.686125786119
JP0141P2.txt,13.7944374145,20.9458013751,11.3838809574,7.51359720227,4.59271254696,-4.59411923194,3.39320407159,-1.10399963419,1.99916143114
JP0137P1.txt,2.50865002171,2.90130580439,3.20426556555,-3.13019306647,-0.501379108614,3.2405460559,-1.92169703742,1.24880272466,1.29853881358
SP011312.txt,0.112330460294,-2.8486318586,-2.14640554754,-2.59142942235,-0.435696415998,-3.36270090503,-3.36027593742,-0.855803620801,0.461999449465
SP0134P2.txt,-3.46523508359,4.45480071994,-4.26408554671,-1.08663447204,3.695720173,-4.72606936809,4.77957090483,-2.72331467256,1.47523231239
JP0105P3.txt,9.51870785755,-0.593597385354,0.519947516895,-0.653663520533,1.33489318247,1.29492024713,1.82943919379,3.28770927199,0.350193379088
SW0149P1.txt,2.12662674596,4.46726778984,-0.572454789961,-0.375564622679,-1.02449140742,-0.739412859884,-3.32353919449,-0.961141154889,-0.714004402052
SW011812.txt,-3.30608072222,-0.441806170591,0.215414448939,0.464174456749,-1.67293644725,0.182842442969,-3.2824639973,-1.02356625183,-0.691615828518
JP010812.txt,4.3288721862,2.96340011679,2.7847342607,-1.8910857794,1.68010862137,-0.914118041483,-1.51425883527,0.176015186408,0.578273728514
SP0120P2.txt,-5.18794464879,-0.645647129284,-3.070326294,-2.08217223228,-1.03232008465,-0.81918218831,-3.63343126512,-2.09961344277,1.05708403206
JP0111P3.txt,8.71148789279,-11.9141035416,-3.18394618174,8.97881491083,-8.26185181628,6.50302420382,5.16535857991,-2.72331467256,-1.03548131468
SP010712.txt,-4.39935613846,0.512450766597,-0.643941949222,-0.540820584349,-1.2722605923,2.03516666971,-4.03251681227,-1.7660890323,0.452554329211
JP0123P1.txt,0.805466803946,0.228596554246,-2.58252474506,-1.95344619373,5.08199036901,-4.62339580904,-0.0287189282958,-1.76411148204,2.25472171804
SW0127P1.txt,1.07758552182,-0.609124192171,2.64611692552,0.597174039608,-1.09778061776,-0.163804441957,-0.946229468967,-0.744530354654,-0.847078931624
SW0115P3.txt,-3.14442769651,-2.33381452106,-4.53541440493,0.470666261515,6.10065744957,-0.0284188080018,2.85643225221,-0.24643247054,-0.580087129647
SW0143P3.txt,1.86656798544,-0.988562308171,-1.8310787557,3.10398248042,-0.830232711473,-1.04631428389,2.83204568916,0.0723140297731,2.13652222907
SW012012.txt,-1.12646305843,-0.983593556834,0.182331582612,0.121537503503,1.75960506381,-1.10838941039,-2.21638087597,-1.56501214276,1.59613050832
SW0107P2.txt,-5.32871120427,-1.26879576287,5.29168905551,0.768727913154,0.571556486663,-0.868137530996,3.41818656621,-1.74663528599,-0.631224319105
JP0147P3.txt,-2.36516488631,-11.9223770127,-4.54725859538,0.123940481059,1.19003713461,5.98642706952,4.16344885234,3.59563348336,-0.0320171252079
JP0103P2.txt,6.3445808394,2.76079337348,2.77831040316,-2.08654586377,1.55095027646,3.10815578862,1.82451170346,4.60688876678,-0.441867896582
SP0132P3.txt,2.5227026847,1.70392891736,-0.8341979754,8.93515901827,0.909370784694,-3.54806721237,4.25204749327,1.39481596529,-1.14392208288
JP012412.txt,-4.26944930819,0.695328004266,-1.54630898273,-3.5605234149,0.462820050091,-0.490805230653,-1.37779910783,-1.4230168767,0.0363543899565
SW0139P3.txt,-7.81469224762,6.44328328928,-0.188209031433,-1.28565673033,4.86770424953,-0.87668778076,2.37669962081,2.95501411285,0.53540905725
SP0148P3.txt,-2.05558207699,3.721967136,-3.94613104978,5.36848358923,0.0371392156372,0.459260819575,0.562792184642,-0.16679673612,0.482783015659
JP0129P3.txt,4.94640005028,0.31995583922,-0.105247409353,4.78761394964,2.28570670535,-2.16109200969,1.60728991337,-0.878671192899,-0.105644610336
SP0118P2.txt,-6.20377161827,-2.66567513993,-5.33966101494,-0.942412782502,0.671863013395,-0.705215532627,-0.901677218102,-1.34931987951,0.31350697573
JP013012.txt,-0.338144854017,-1.31435328752,1.88664557291,-4.85594146455,4.53200693067,-1.01106961161,-1.96743915028,-0.48486754793,1.9529076413
SP0114P1.txt,-1.03002753552,3.98086369071,-2.81701866055,-0.247259255748,0.716493012472,-4.5607033033,0.472803411979,1.15851344612,-0.7311927873
JP0117P2.txt,2.99913227376,-3.06787006876,3.10856213514,-2.17918492984,0.147035156873,0.887667361837,-0.394911826338,1.44984495311,-0.360900457143
SP0126P3.txt,-9.22440343212,-3.14073197915,-3.02781190809,1.20509456358,-1.47725014637,1.63586205698,2.69994055691,3.32926016965,0.711687590767
SP014512.txt,1.35497460368,0.680286202695,-2.56256027196,-2.62808666964,1.52008632426,-2.04817462713,0.429573746926,-2.72331467256,1.15171321858
SW0113P2.txt,1.22554267176,0.54073311102,-1.13401050658,-1.83510931304,-1.82525128626,1.83073628358,-0.918985920363,-0.956465457896,0.982742629052
SW013412.txt,0.416240495244,-1.45064203996,1.14500655929,-0.694262892108,-1.34395587014,0.721060282809,-2.23220282936,-2.01793322717,-1.32663370556
SP0139P2.txt,-1.71105198032,-5.87922134743,-4.32064544679,-2.36403412564,2.67535637952,-3.14736739939,1.89381559768,1.28800488689,-3.951177759
JP0108P3.txt,-1.14208154478,4.20485763111,-2.39642745036,-1.28109758214,-1.32248467107,-1.37510172269,0.981645459891,3.7438042835,0.848501646554
SW0148P2.txt,3.81375303749,0.658695372037,1.26532333519,-0.0679915667223,-0.809468078334,2.49345229235,-1.89581206018,-2.44027109902,1.50865549802
SP0107P3.txt,-0.10783407122,2.79721467191,-0.602848423922,2.46089646435,-0.950476250898,-0.709254089576,-2.42622672777,-0.46641266233,0.92985017327
JP0136P2.txt,-0.63334266642,6.11448463783,-0.517769659121,-2.04142213648,-0.333889817188,-2.42137316168,0.542371969308,2.66353140368,0.343343614104
SP0135P1.txt,-1.26804745044,-0.647661546817,-2.34466825811,-0.00318917380339,-1.33379506014,0.613339300041,0.525301000186,-2.25998827058,-0.835293777738
JP011112.txt,4.27321095772,7.94197874406,1.11629024508,-3.31504636031,4.40399051735,-1.95162783702,0.917247774173,-1.2582955927,1.90061556403
SP0143P2.txt,-8.77657440647,0.716151553039,-0.234506827615,-2.29383126134,-0.811886235264,5.98931564037,5.20680629406,1.09305714985,-0.415810975817
JP0140P1.txt,9.71876299736,1.65033859745,7.55812373438,-2.17405588625,2.11437197446,2.8293161254,0.175351371878,2.83434399353,1.15773173073
SW011512.txt,-0.664717068711,-0.25279655234,-0.327425115243,-0.619381142225,2.71079078336,-0.24763715799,-3.74999249099,-1.70749255138,-0.156021729859
SW0132P2.txt,-1.47645095056,5.28210820339,-0.485020873396,-2.09795137952,-0.105930766671,3.70442086988,-3.89660826831,-0.901183260724,1.61785689267
SW0144P1.txt,0.451501662033,-2.85441594978,0.691705521841,0.273930996888,-0.992690822716,-1.50609263221,-0.698189406195,-2.43903335836,-0.987194232338
SW0150P1.txt,0.399199109203,-1.38865845355,0.214744102757,-0.231418057113,-1.25593510212,-0.978208159543,-1.57215949219,-1.54625461985,-0.727200050085
SW0126P2.txt,-1.34538493605,-2.18669298224,-1.40553527637,-2.1849847424,-1.58265572217,0.481252432321,1.34955107913,-2.72331467256,0.815393853459
SW010112.txt,-0.486752488157,-0.60355938689,-0.341162692935,-0.289136112535,0.516407776738,-1.22809444164,-3.37652819681,-1.26118972856,-0.689527058922
JP010512.txt,3.98393501118,4.10572265009,2.78308281047,-4.61070098291,-0.206069489631,-1.07722555999,-1.58686609709,7.12165039502,-1.14248137286
SP0121P1.txt,0.374133821858,4.84519956205,0.18282056803,-0.773301700727,-0.610456918263,1.30408600772,-0.937106935233,-1.65682887065,1.88693841177
SP0113P3.txt,-3.2645472089,3.49199402557,-4.09464111385,1.8640827705,0.142143629162,0.54889321441,-0.911121603335,-1.01101767265,1.86840279908
JP0122P2.txt,-0.0274984784559,1.5507910929,2.04715303358,-1.99851727156,-2.70512510254,2.80708323002,1.37661329271,1.40192116801,-0.102347229983
SW0118P3.txt,-1.30713138775,11.8336475173,-1.33270858452,2.86084251294,-4.27090505563,4.26372056489,0.320791074983,-0.749673089398,2.23534369668
SW0139P2.txt,-1.75214784191,1.34876874182,-1.07178671226,-0.579752926774,-0.569077571414,-0.204715949155,-1.11215801503,-1.12680979607,1.49280848666
SW0107P3.txt,0.465274427143,-1.21918441637,-1.39540598416,5.55880193549,4.26093952996,2.04102092572,2.89825215029,-1.53298357012,1.38465120023
SW0135P1.txt,1.51994406492,1.1742808169,-1.05187267811,-0.274195508757,-0.219027141944,-1.90936932326,-1.04886063335,-1.47952276759,0.542160029242
SW0143P2.txt,-3.04250354058,4.09428464832,-1.81115541336,-1.53177105068,0.883606262824,2.62050636147,-0.656676407532,-2.72331467256,1.117338478
SP011512.txt,-2.28171316367,-0.614696495252,-0.874250215674,0.119303173909,-2.92221181382,0.486034946151,-2.08588135243,-1.10086660105,-0.927908023374
JP0131P1.txt,2.19758475851,-1.79045506524,5.85229633911,-2.71314095101,-1.9132284627,0.0516747001148,1.18805136697,-0.274307649457,-0.456803203861
JP0103P3.txt,-7.64026505213,1.4806888195,-1.61450035487,-2.0749374925,3.06241470225,-0.159945431791,0.969618087845,0.3689546903,2.42688134428
SP0132P2.txt,6.30306384992,0.900801919618,0.528666715202,3.06912301943,4.58258033025,-0.234345148804,4.45533157295,-0.492795480351,0.846064736206
SP0144P1.txt,-0.0138249169811,-5.83554256238,-1.29723830171,-0.171304891903,0.623015329812,3.52974938268,1.82944551185,1.43469987375,-1.6103636676
JP0147P2.txt,2.85006007499,-1.06111202499,0.19258120958,-2.77761725828,5.06515484884,-2.60595294834,3.16781332166,-2.72331467256,-0.940538432342
SP0150P1.txt,4.16570930147,-3.83626752383,5.35932979955,-0.686595938533,3.49643362908,4.22386317399,2.49632333992,1.30560314894,-1.47602000884
JP0117P3.txt,2.92158502161,5.76366354012,-1.49112699713,2.09035449464,0.711176791014,-1.28390752537,-1.3621873116,2.07830352353,1.91757690221
SP0126P2.txt,-9.46528176629,-3.87314220175,-5.22204920166,-1.23640750048,5.83797367447,-1.05435571276,2.3602808064,-1.0649713671,1.7127928908
JP0125P1.txt,1.2303944895,-3.20681109457,3.47824383868,-2.77393746724,-0.928522480849,-0.717867899137,-0.0885458738518,-1.20547143011,-0.211143153642
SP010112.txt,-3.26186921174,1.15632964591,-1.41737048538,-2.15887536356,0.710227047306,0.265210549212,-2.7386173259,0.224522286313,1.2618469567
SW0121P1.txt,-3.8543464348,6.011300906,-3.34322225496,2.24135560073,-0.957499981816,4.50345266532,0.598133929045,-0.623902073783,-0.0690182520037
SW0113P3.txt,0.987754478121,-5.57734153351,-0.966692503655,0.992270166047,2.13388431848,-1.49310916162,4.32098615771,0.131609075724,-2.11948337405
JP0129P2.txt,-1.82060041088,0.0129966041943,3.31264302851,-5.36662863087,0.572914574574,0.303555827596,0.66094912943,-1.22562051641,-1.4223240307
SP0118P3.txt,-2.63182198426,2.44959122796,-1.87576057532,-0.280737674207,-0.884003423567,-3.53963115613,-1.49414684771,0.889880866187,2.0573661206
SP0143P3.txt,5.39692384502,1.80942691781,-1.78874138873,11.2994017843,-2.03595076949,-0.504181913733,4.97024250556,-0.945901186355,1.01252493376
SP012012.txt,-5.6421156652,-0.13481910995,-3.14713099864,-2.03144036255,-0.968709692491,-0.938316953784,-4.13848838701,-1.59736425868,1.16041797046
JP0104P1.txt,13.3381419945,-1.70931451335,2.64503820177,1.00313392734,-1.45010312028,0.843629216825,2.83119266901,-2.72331467256,-1.19388852911
SP0107P2.txt,-4.56610576665,0.552462993206,-0.682755025901,-1.14293796032,-1.675298635,2.33502059031,-3.06901670597,-1.83157539781,0.149557272575
JP0136P3.txt,4.28306640519,-13.8634398181,-2.72017896045,-3.26706534244,3.66239403318,-2.53837440547,4.79737215085,7.15873127994,-5.26983343755
SW0132P3.txt,-6.19702842197,-0.85464810254,-1.74883182021,-1.24353226331,1.12248384693,1.03061997255,-3.34526897166,-1.52856350346,0.893230975789
SP0139P3.txt,9.76990533355,-5.30119988886,4.42175585287,9.12787815911,2.40135063184,-2.3564298534,4.1153598011,-1.45432894939,0.610765920982
JP0108P2.txt,2.79340530284,0.094149357988,2.14457928533,-3.77180090782,0.741568324413,-1.69122242702,-0.0947503662803,2.60113146859,0.449898677361
SW0148P3.txt,11.2471791622,3.64928507394,-0.756482954603,6.91019939749,0.0208515939249,-2.31712661851,5.13826258648,0.170230601084,2.69107384077
SW0118P2.txt,-2.0767552453,-0.509045174016,0.964452424156,-0.380053029793,-0.721389380442,0.198257112402,-2.41750895456,-1.18078172864,-0.814260416306
SW0114P1.txt,-0.521195120386,0.32391532188,-0.439439213048,0.127744452645,-0.0528966719887,-0.0815621080814,-3.88425399559,-1.38503725532,0.586033468714
SW0126P3.txt,-9.17839132144,-7.90158131289,-2.57819665479,3.17223951831,0.372244091388,-0.111646048014,3.03689414185,0.839480203429,2.05525488726
SW014512.txt,-1.70816653795,3.32646947027,-1.30669218384,-0.839773910877,0.498349271612,-0.431731482035,-3.39753438866,-1.84965616331,0.521195547616
SP0113P2.txt,-0.505520504312,-3.13188135351,-2.64999247193,-4.00662093048,0.0378772674198,-2.95687083737,-3.07563037256,-0.135894141194,0.78073394144
JP0122P3.txt,-3.78325636487,-0.987547675516,-1.5262356107,1.69854378272,2.55032657149,-2.17551553848,1.46937199083,0.567990863436,0.566671673725
JP0110P1.txt,8.94906978556,-3.0981695257,2.58530862233,-3.67219009823,-3.55611767758,0.0585020301566,1.98628287898,0.0745008899879,-1.27223714587
SP013412.txt,7.15487854675,-0.392817544615,0.0868247217496,2.52546861412,-0.296187399508,0.0141707712095,-0.918719577228,-0.957326653773,0.0557300780741
JP014112.txt,8.76988656773,11.0807665209,10.2325803807,6.03517986579,3.57153958057,-3.57766899186,-1.79435708432,-1.01199969668,0.592959398334
SP0145P2.txt,1.35497460368,0.680286202695,-2.56256027196,-2.62808666964,1.52008632426,-2.04817462713,0.429573746926,-2.72331467256,1.15171321858
JP0146P1.txt,0.970831164203,2.32228211658,0.935250870333,3.16728277443,-1.79029302769,1.2604918867,-2.44240588508,-1.10893745994,-0.111601345816
JP0130P2.txt,-1.86309399074,-2.34816968689,1.16585232047,-4.93687012089,6.494648679,-0.534653267192,-0.556003008511,-0.340489908893,2.26519669665
SP0101P3.txt,-0.239808952166,1.06629228986,1.98406641226,2.35342740309,-1.33369747103,-0.725099570087,-2.506658076,1.33324288734,1.19677342039
JP011712.txt,7.2062913891,-4.50155926363,3.04522087017,0.61031072866,-0.25267737165,-0.0105315531792,-1.63333410224,0.191784384127,-0.565431588725
SP0133P1.txt,-4.03983610248,2.41519583031,0.657447994435,-0.101582155442,-0.104811144769,-0.252858469411,-0.300658715058,-2.44140561211,-0.523813207258
SW0142P1.txt,-0.790191989671,5.8224092404,0.885093108225,0.0858382927571,-0.794101447327,1.29453547324,-2.89638136234,-2.19368824016,0.88798158348
SW011312.txt,2.66523143349,0.788592917721,-0.206593891268,0.0877157657777,-0.900653896928,0.507838109387,-2.8615931344,-1.60042986974,0.278329152095
SW0134P2.txt,-6.18451572914,0.685149314106,0.912601573169,-1.84142178153,0.792477357565,1.72511082402,1.0919032571,-1.93949824469,-0.679964451508
SP0149P1.txt,3.21361082766,-0.29181207601,1.51672947915,-1.12700496031,2.15708025766,-1.10507406746,0.279916985371,-1.5896793533,-0.599333571949
SP011812.txt,-3.99530442699,-1.03050525011,-2.35052246195,0.453473067658,0.201188029111,-1.35486275463,-2.69023528391,0.702367319306,0.946399514827
SW0138P1.txt,-1.01758939683,2.25348109979,0.556013934174,2.75300681984,0.418829529618,-2.33302815975,-0.869018091192,-2.00273581268,1.13474338876
JP0128P1.txt,-9.21137412557,-0.838814717739,-5.28115292897,-5.48928882738,-1.57681389372,-1.3153376093,3.69995200325,6.01943952844,0.644820327571
SW0120P2.txt,-3.90256063739,-0.789773462928,-1.0015456607,-1.84426823693,2.53463829579,0.587847993324,0.734407522138,-1.61724014242,1.3422355288
SW010712.txt,1.6590445058,3.32188606598,3.87429967826,-0.708385070409,-2.0455094128,0.470950089995,-2.35116263681,-1.24721593478,-0.425169793727
SP0127P1.txt,4.95498511871,1.21756439238,1.38293373692,0.51785239864,-1.82047628247,4.27379382531,-0.786993687142,0.946657981482,-1.3443332275
JP010312.txt,8.11014020393,-0.711509965776,-0.0968235103931,1.26674773764,0.911978514895,0.732278191423,-1.14946548126,3.04508755483,-0.149805997365
JP0124P2.txt,-2.90200449281,-0.302434887847,-0.102662762233,-5.40077713954,1.82032915145,-2.85677329215,0.127624717047,-0.757040237885,0.0510981599342
SP0115P3.txt,-0.809292165455,1.32684705504,-0.153366372297,0.6729161077,-0.102082760772,2.1215274965,-0.30512389499,-1.08501290966,1.97543615587
JP0109P1.txt,3.16654155368,-3.83391546039,-0.872203002526,-0.44241795662,2.78075886938,-2.32643034268,3.65691689004,0.552681068461,0.909425066346
SW012612.txt,-1.31060514646,-0.320319037063,-1.51997666218,-2.40837667713,-1.80286367238,-1.65941934283,-1.25169658348,-1.34465025617,-0.0986431269782
SW0101P2.txt,-1.5705482738,-2.04936135571,-1.57668550315,-1.66333596525,0.0332484843121,-1.44736007763,-1.73132624534,-1.19660774656,-1.33646993572
SW0145P3.txt,3.3943930829,-1.5693498819,-0.593563455377,-0.185774872308,0.0114487977535,1.12312655012,-0.58738066125,-0.732953983061,0.482643625117
SP0134P3.txt,3.55260799266,-6.57046863922,-1.39645287352,5.9567801767,-6.53632590616,-2.55797139847,1.76976482959,-0.000502595907529,-1.69318342634
JP0105P2.txt,3.14809207495,3.91305493792,2.15597043015,-5.50961878403,-0.875121078834,-0.58194468241,-0.381807425873,7.65976677471,-1.07586220146
JP012212.txt,1.05046338333,1.25899382116,1.05424219383,-1.68348990855,1.12642294206,0.118279541812,-1.04519815789,0.881924680572,0.483324228432
SP0106P1.txt,-2.96855349532,7.43240891535,-2.70510400403,1.02320798379,-1.92131693906,-0.923023549096,-1.49002523209,1.0693226123,1.24737095933
JP0141P3.txt,9.31209282989,4.62414295657,4.15029701451,-1.07101896529,8.95981626838,-2.13087288324,4.79995532319,11.497874603,0.214515641283
SP014312.txt,-3.86432227968,0.452379095522,1.15682530088,-1.33752060922,-2.71606080389,2.42223812049,0.380340142936,-0.54017375744,-0.485891520266
SP0112P1.txt,-4.76874553739,3.87884783889,-2.87171805729,4.25768616734,-0.12320028357,4.93460730285,-0.760937334845,-1.11454103785,1.49942163913
JP013612.txt,0.755954485835,6.596405836,2.36679866195,-3.007139599,-1.37786180396,-1.12260221823,-2.53313200342,3.05212436912,0.265751681704
SP0120P3.txt,-3.60558456918,-0.532000388064,0.262235095914,3.11289619773,0.332654940857,-2.06721635054,-1.53119189303,0.227050859649,1.38313808318
JP0111P2.txt,-3.17585070228,13.3142309827,0.44028440353,-0.158062512258,7.7806709782,-3.59321204955,5.85150752429,-2.72331467256,1.70582755255
SW0115P2.txt,-0.393899055256,1.42215586204,0.445229463616,-1.1724972205,2.85892427666,0.0294257433392,-3.53388852968,-1.57094830351,0.318601349804
SW013212.txt,-3.08644447994,5.31315964933,-0.978393047996,-2.2923464788,-0.342002626897,2.52709396468,-4.57813322579,-1.33605928941,1.89220990217
SP013912.txt,2.98845358226,-1.35206663423,0.740513471814,-0.942320784577,1.73024441196,-0.965193591385,-0.619681866747,-0.63239495729,-1.14724504818
SW014812.txt,1.59758448297,0.933851741311,1.17464673675,-0.236345440046,-1.99121346324,0.11878982216,-3.22268992877,-2.3116229445,0.790565772124
SW0119P1.txt,-0.159601607599,12.0567776106,-0.562477443929,0.462723884688,-3.35220935239,0.0117546802993,-2.28600496818,-1.75126507961,0.745550784136
SW0113P1.txt,3.74561550211,1.24261928244,0.342500441125,1.65401331014,0.365284468855,-0.301429505819,-1.88346542514,-2.06407078084,-0.311144075849
SW0121P3.txt,-1.61346197248,-1.72309940716,-1.70529650934,7.9020190344,-1.18411078541,-2.63778774571,4.32191107932,-0.447138181209,-0.801083297862
SW014212.txt,-1.94378062759,4.7425715508,0.268532890408,-0.402140645432,-0.641555778402,0.266018032373,-3.40246046394,-2.34879731882,0.624759603567
SP0114P2.txt,-1.97440168069,-3.36873372587,-1.42564485556,0.217342003041,-1.84227638959,-0.287291676157,-3.61393356554,-1.96712746806,0.630723451306
JP0125P3.txt,2.81136155412,-1.91509388847,-2.07299745956,1.39123272595,-0.0661615809986,-0.423643992068,3.23012670181,-0.260243431474,-0.405208767098
JP0117P1.txt,11.3147456621,-5.79625526074,2.41976529321,3.83714427199,0.176064753642,0.498810521481,2.09059450692,-1.21259475942,-0.787596946332
SP0150P3.txt,15.9809724294,1.5801837205,-1.5102310975,3.99016912181,-0.182049081918,-3.74598981902,6.70029385167,2.81034170598,-0.0763828844447
JP014612.txt,2.29168388279,2.49012030044,1.23646204102,2.75584957835,-1.63905109262,0.849092059065,-2.8676910594,-0.960208133984,0.0676571779127
SW013812.txt,0.0532489364165,0.480658384448,-0.424341159534,1.33319607975,-0.156354274516,-1.58308433666,-1.77289613042,-1.72867490062,0.370565913038
SP0118P1.txt,-2.20661131436,0.513812716501,-0.630012897819,1.79662339588,0.498029303997,-2.1371617853,-0.793715783921,2.46859308818,1.50466643377
SP014912.txt,1.529250924,-5.16341196267,3.07603241264,-1.92256694499,2.87778022409,1.18116475468,1.59058719313,1.11934056349,-0.389988482559
JP012812.txt,-4.16758770345,-5.1828107267,-0.618250607146,-5.84215635515,-0.753976767636,-1.6278278135,-0.432125595393,6.48407378388,0.374341119553
SP0144P3.txt,7.75174436752,-5.84895536722,0.980038257574,6.23752484407,-0.745322007251,-0.663474671223,4.8532941167,-0.390847564592,-1.13907323587
JP0103P1.txt,8.48077462152,-1.7411712763,-1.5529155923,2.56934729892,1.0016615374,-0.447416393601,-0.337398674782,2.41946207728,-0.040961533585
SP012712.txt,4.94683356484,1.16713037263,1.46985711927,0.422238290261,-1.82485188901,4.26171866104,-0.757573823116,0.917058854134,-1.46605792749
JP0131P3.txt,0.101610317221,9.92020726237,-2.1891841725,1.72713842117,0.116349317624,-2.81218043865,0.144198647677,0.260804876903,1.29821682141
SW0135P3.txt,-1.85584519716,-5.60473282505,-1.76374315802,1.54885760328,1.03417655439,4.49671062101,4.20120341458,0.596656909287,-0.235640998661
SW0107P1.txt,2.3073500275,3.5574232491,3.34176487349,-1.0168578174,-2.00050641384,0.658532833298,-2.29811723713,-1.30150604473,-0.603487012779
JP010912.txt,-0.541233193215,-2.69046228064,2.53195934658,-2.65773710466,-0.605864976859,-0.353063918624,0.592945187661,2.17294667329,-0.172864713284
JP0110P3.txt,5.00838303195,-2.72927089722,-0.892454624611,2.57555809886,-2.04017188006,-1.7453912549,1.1549833346,0.877595619319,-0.856545775852
SP0121P2.txt,-3.67420053157,2.41172915687,-0.494064629273,0.328033234709,-0.53372735403,-0.226692035484,-4.06821700875,-1.1014210805,1.29659882373
SP010612.txt,-3.5271458987,5.97711963487,-2.46445954148,-1.05063455127,-1.63171490619,-1.2307090548,-3.67582590967,-0.466326667094,1.15013338288
JP0122P1.txt,1.64556041573,1.41558572331,-0.0626085234423,-1.35964303836,3.98763046485,-2.56914225927,0.499460305261,0.441733617135,0.508976328746
SW0150P2.txt,0.967260992434,-2.72521310684,-1.23000083205,-3.95758318291,1.28192147736,-0.188471480147,-1.49012774221,0.53784970528,-0.378178231709
SW0126P1.txt,-1.08144593904,0.394633164895,-1.66569039265,-2.25420362121,-1.4613305159,-2.5866611901,-0.15348026739,-0.837179053923,-0.475843686083
SW0114P3.txt,7.82665258339,-0.237934733919,5.55828068945,8.9639924358,3.95727180515,-0.758168465031,2.98690906751,-2.72331467256,0.389737871792
SW0132P1.txt,-7.82675808896,5.78308386756,-3.37329292268,-2.774163404,0.217012059821,-0.178647804431,-1.7928271028,-2.52557145264,2.63139392582
SW0144P2.txt,-1.13009125757,-1.02166726612,2.4796921768,-1.91551812634,-1.46749738889,-0.562456898918,-2.29591031806,-1.70535800017,-0.697373068584
JP0136P1.txt,2.02382523386,6.94877412979,4.11707724425,-3.66265182786,-1.6201606493,-0.216862822065,-1.24255787276,3.1980982336,0.21054950678
SP011212.txt,-3.02939873231,0.379127325521,-2.18946878022,1.75586214693,-0.731725183553,3.33883167118,-3.45417617443,-1.75820767785,0.864471289891
JP0104P3.txt,3.83258320426,-0.214370510156,-0.328659113412,2.86744194655,2.36918077861,-2.77233671895,1.04729329088,3.21988019791,1.48101559972
SP0135P2.txt,-5.44220950425,-7.41885397633,-1.14309111419,-3.77941761959,3.56932063139,4.55628177127,4.11712951781,0.895582059868,-2.65080074474
SP0143P1.txt,-1.39126015544,0.478437615403,1.52063337266,-1.02213033971,-3.17011178148,1.08372976199,1.74495184138,-1.24406269316,-0.360753411651
JP0140P2.txt,-4.89498631586,5.89816717118,8.17366434858,-2.4274680436,3.75643757185,-2.11406807149,1.56103286948,2.00485910559,0.535946134488
SW011912.txt,0.481353245695,5.77376211187,2.32019568856,0.559799975165,-0.88585108853,0.628320933219,-4.04632160862,-1.60643093919,1.35252347932
SW0148P1.txt,0.3340155274,1.3805143784,1.07161633394,-0.32062522968,-2.27994416295,-1.21074648709,-1.50039204668,-2.23405788983,0.336188252881
SP0139P1.txt,6.7882923216,2.18839399219,3.30926466569,0.0481396265393,1.48289988685,0.762628173222,-0.318298027826,-2.10638664705,1.46065515731
SP0119P2.txt,-4.8245608738,3.56401177452,-2.20522699002,0.249445646839,-0.694424780291,3.6787009706,-3.60838165881,-1.58984722576,0.180713741519
JP0128P3.txt,-0.9932028721,-7.36892642886,-3.15437161416,3.50482283387,1.19517798693,4.47471093206,2.98528413387,1.62567842067,0.0626610801228
SP014412.txt,-0.234201117365,-4.73776381154,0.545073857136,-1.91711028926,0.727723405623,4.05266633567,1.64252455357,0.890611385965,-0.932720212725
JP013112.txt,3.6160987045,1.79892250337,6.9913024879,-4.27134848726,-2.95260685966,-0.425773246002,-1.34581855683,1.16449040197,-0.38327865959
SP0115P1.txt,-0.4930287383,2.44666157766,-2.58145547753,0.435715361677,-2.2451396653,-1.53086713899,3.06471125851,-2.72331467256,-0.378733459342
SP0127P3.txt,-2.6647461762,4.52311030747,-3.86189848399,4.58866327853,-1.67229661724,-2.88025913797,1.0640508966,-0.0466871035296,2.27128551782
JP0116P2.txt,-2.81631199655,-17.0186904003,-7.22584143622,3.86807363644,-7.56444520587,-0.697400841236,3.79256466065,-2.72331467256,2.79049770344
SW0112P2.txt,1.47045147534,4.53626853079,0.599158401445,-1.16722781481,-0.254659883709,0.17354215758,-2.96111125463,-0.800250949509,0.159692132983
SW013512.txt,1.05872916672,1.72765877578,0.1796177354,-0.359018243664,0.713472021308,-1.65490844074,-2.47774545888,-1.61887379432,0.49577824154
SW012112.txt,-2.1600767871,3.68364314946,-1.49432714585,-1.53717575627,-0.118823003073,2.66043319788,-3.94925085215,-0.0358040391571,0.489067916612
SW0106P2.txt,-1.57266242633,-0.714811916303,-0.843510402644,-4.21732986913,-1.03664072633,-0.257123115307,0.0456972738814,-0.752870088078,-0.430624979513
SW0142P3.txt,-6.70724984949,0.0828365038319,-2.34835748691,5.17600310313,1.3270303493,7.10670130714,3.84519009003,-1.46418508505,0.210954026048
JP0102P2.txt,-2.52562860538,-2.07247063217,0.454708195304,-0.0249904889872,0.697591835306,-0.364859623726,-2.16516174766,-0.186082218439,0.308491536416
SP0101P1.txt,-7.19723909043,-1.26277120294,-3.69723906318,-2.85185009198,-1.64285485769,0.668303093927,-0.945810108126,0.719559339294,1.21758847037
JP012512.txt,0.0397962700334,-0.819175050422,2.28171935225,-2.52607749464,-0.636467886917,-1.19081602137,-1.20825610539,-0.00710203054398,-0.144354135863
JP0146P3.txt,2.53921971874,2.48134166425,-2.14412297601,3.6643103552,3.95914564712,-3.88903477712,4.66822886226,4.74510005846,0.815713449499
SP015012.txt,6.18378811401,-3.81175492089,6.24846408216,-0.69213463364,4.42560889829,4.64108439793,2.58996838597,1.80958448332,-1.06728325274
SW0138P3.txt,-3.0007954563,-0.639852467836,-4.90480746602,6.98377080183,4.79715000003,-3.22239411833,2.66697416418,0.231692221257,1.24127299889
SP0149P3.txt,10.4548608954,-2.33116260381,4.04488045637,10.2846326595,2.08366154001,2.20677461351,3.44876868213,-2.72331467256,-0.304101970496
SW0127P2.txt,-5.50088313985,2.2299767562,-1.71293518087,-2.81395551413,1.11358371229,0.789137993174,-0.387862882012,0.0764436613885,1.07187072394
JP010412.txt,7.29214472276,1.39822594352,6.17857697832,-2.47544093,-2.27260927569,2.22042133424,-0.364248338248,1.60375031278,-0.595278277523
SP0120P1.txt,-8.25519664667,3.13683546529,-3.60010085495,-1.65488115219,0.298608027699,-2.60555322876,0.150075803204,1.26460322257,2.08542213169
JP0123P2.txt,-0.127296064693,4.25671560874,4.67456330377,-5.77191333256,0.47895319421,5.2737700016,2.96299361831,5.7501646916,0.477250809084
SP0112P3.txt,-4.65607324305,-1.40399248346,-3.60513783893,1.02858833432,-1.37038105388,1.49959458159,-1.45946835465,0.671255492474,0.991448407445
SW0119P3.txt,-2.01911648435,-1.67693157106,1.11693731635,0.114009703849,1.24131249877,4.7954519656,1.56510862997,2.44142904553,0.858953330875
JP0109P3.txt,4.41614570885,3.68726447545,1.38849609338,0.871019501294,1.36271695521,-0.97958922022,0.377732620208,0.507561086457,2.20911801749
SW0149P2.txt,-2.649665955,5.85424046092,-0.0499925287277,1.04007492424,0.430518789621,-0.698481164843,-1.08477129689,-0.426519798212,-0.246823114515
SP0142P2.txt,-5.07889734267,-5.76882605748,-1.98214883267,1.04217724062,1.20022021646,-3.49676658999,4.62505052018,0.903467638797,0.532076822452
JP0141P1.txt,6.51114006389,6.99970783135,9.36393966589,5.5621440209,3.22949524154,-3.26277598722,-0.816402644169,-1.17954363456,-0.269674832487
JP0137P2.txt,1.82473771532,4.39017706849,9.92199600393,-0.922877908357,1.59951984759,-1.75868710591,-1.00258599136,1.06848271758,1.7811011446
SP0106P3.txt,-0.726818314243,-1.13326640446,-2.33933633032,2.30979522867,-0.3483477938,-2.21681207838,-1.34651938542,2.52723042801,1.41609151834
SP0134P1.txt,8.49356529322,-1.01869213754,0.282539061556,3.1707774341,-0.837981440459,0.58684169591,-0.785718233051,-0.820347969145,-0.147264036774
JP011012.txt,2.71815844005,0.127430946552,2.47355499014,-4.59968496516,-2.5787500945,0.601210643874,-1.78036814617,2.95008910813,-0.796491956464
SW0145P1.txt,2.18567666807,3.20393308863,-0.568910193241,0.417123871344,1.1355248512,-1.02979197542,-1.54197235052,-1.67016206031,-0.425611376992
SW011412.txt,-0.121935932709,1.46803683924,-0.479238053562,0.386698658572,0.034798785603,-0.252063956344,-4.50696929308,-1.51971368878,0.59458958557
SW0133P2.txt,4.92478555097,-3.66047200535,-0.884075257341,4.42545640941,-4.06116369235,-3.26843628317,1.17759012571,-2.21316727045,-1.78333341939
SP0127P2.txt,-19.3408816587,-20.4957564274,-12.7420412626,-7.73451649778,-7.56363544542,-3.32007594797,5.9562337668,-2.72331467256,1.47531554423
JP0116P3.txt,8.84958425287,4.69869786671,2.64118647215,3.27906096984,0.923306879645,-0.231725178168,0.433323337286,3.13257507027,1.47221534656
JP0124P1.txt,-7.03134280045,2.31772286904,-3.1495957588,0.0265676840846,-1.60244165273,3.56936598604,-0.0799284833322,-2.72331467256,-0.526003805877
SW0120P1.txt,0.571260032649,-0.849745084102,0.694063488601,1.32245201062,1.71064547024,-2.12992980266,-1.4858783564,-1.53651759231,1.7596056838
SW0112P3.txt,-3.40515163673,-3.32508036709,-4.98595101029,1.76952761771,-3.30100049801,-0.102634004823,3.61037838373,-1.54501514408,0.108806069605
SP0119P3.txt,-4.26401283659,2.22233599106,-2.52474198338,4.79915983493,-1.19085403591,0.454330533401,-2.45321827331,-1.61347041031,1.08743088033
JP0128P2.txt,-1.80246533054,-5.81423763391,0.390465648495,-5.73113223805,-0.0256708983916,-1.45963046124,0.0769463951197,7.02158201246,0.203994204367
SW0138P2.txt,2.47571723615,-2.19056192006,-1.874160473,-0.231851344199,-0.512351107932,-0.951248600878,0.810483652225,-1.39947822257,-0.827595582674
SP0149P2.txt,-6.75511202494,-13.6519510839,0.761303627738,-5.59534668243,1.55097341306,2.3427630057,2.46021246726,4.00098147755,-0.193030793663
SW0142P2.txt,-5.29579455104,2.51663770011,-1.497213597,-1.71730215698,0.468103339856,-3.50210481706,-0.856425709525,-2.72331467256,-0.0376151968827
SW0106P3.txt,3.09057203532,-5.08685521567,-1.1086967737,0.866631747669,-2.01140580766,1.89389227604,1.9520951475,1.74138367545,-0.34056870132
SW0134P1.txt,1.695432766,-1.97764234239,1.0127227513,-0.35712320846,-1.45947604037,0.445918951654,-1.55041820971,-2.05388785611,-1.46731886014
SP0145P1.txt,-19.3408816587,-26.0412371239,-12.7420412626,-7.73451649778,-13.6337358521,-3.58558455538,-13.7197947205,-2.72331467256,-33.5907713885
JP0146P2.txt,12.3223645594,4.59580224863,2.55111375765,0.513173928334,1.05083852597,-2.85650668637,1.50900963776,0.196033649918,0.559149554746
SP011412.txt,-1.77818723609,-2.36257143194,-1.64335630808,0.137668640189,-1.54076330275,-0.755883262055,-3.96003097245,-1.4043851976,0.426439754434
JP0130P1.txt,1.78587942718,2.40359932963,2.9794443222,-5.06658115228,2.56559603065,-2.30043508122,4.48474657292,-1.02014532157,0.311439912727
JP0102P3.txt,-10.5664817954,-14.4758924894,-5.96968431346,1.90643712662,0.900186737544,-2.5248613532,4.19398180391,12.1310365371,-0.672463936267
SW0119P2.txt,0.500220865322,2.69272719131,3.52632184444,0.479359643639,0.195239437341,0.928560654013,-3.4306248809,-1.3990734262,1.63287139807
SW014412.txt,-0.536559794257,-1.7845427973,1.82355284266,-1.01132812043,-1.41897225181,-0.902332945249,-2.88331298631,-2.00045766485,-0.80382737342
SW0115P1.txt,-1.22857436077,-4.57575448303,-3.00994749497,0.389090057137,2.61004302705,-1.21699211166,0.676542819727,-1.98767708572,-1.38459674412
SW0127P3.txt,6.11087750706,-1.08946011234,-0.0809651808225,2.77148650354,-1.44863732974,-0.562271322043,1.58214734599,1.48973364793,-2.20911963886
JP014012.txt,4.90242976254,3.12112089241,8.06518118029,-2.18931482807,2.43465444145,1.61626515348,-1.64624589301,2.58919684024,0.981883108234
JP0123P3.txt,2.80868152547,-2.58579783717,2.4024907852,-1.18287060503,4.87572547536,-1.86741933329,2.50878102757,1.10720837583,-1.23757817515
SP0112P2.txt,-2.68516453614,-0.668830658075,-1.64628477074,0.699351061754,-0.741451971193,3.16267285113,-2.77517265791,-1.99450073042,0.519298594825
JP0111P1.txt,6.01581811281,5.05185081947,-0.130268638178,-3.71679478452,1.82536809757,-1.34429070944,2.48742004845,-0.331402585316,2.02618521741
SP013512.txt,-2.2352116747,-1.94398637615,-2.2330953024,-0.771132854934,-0.473542716752,0.380743949072,-0.138380905475,-1.56238884716,-1.16982277828
SP012112.txt,-2.83704420363,2.7544539701,-0.303086199748,0.116862218007,-0.778533725182,-0.147635653224,-4.51704787729,-1.21979052675,1.41331931235
JP0105P1.txt,4.31875620953,4.98340934637,2.97491401673,-2.86641598167,1.4610714659,-2.13453505673,1.27997766789,6.104582459,-1.25601320459
JP0137P3.txt,7.12980647798,9.78909442342,-0.00955827371854,2.31686501574,-1.39946764122,0.841475584596,4.02734590637,8.0119573088,1.30057804927
SP0106P2.txt,-3.92595446324,5.5117830981,-2.48233454208,-2.38707635176,-1.12941589338,-1.03654382662,-2.82576077966,-1.33579410417,1.10691468767
SP0142P3.txt,-2.27230550797,-2.42658467995,-3.12109329099,12.0969514561,-2.2805142239,0.179271019159,3.83916600635,-1.27553749782,1.06751266833
SW0133P3.txt,-5.1116605649,-9.06159979358,0.723201748896,-3.40566611498,1.58397259792,1.80516313318,1.32403324547,-0.241128409349,-0.48203997987
SW0101P1.txt,0.970419836139,1.82095373616,1.11990537397,1.92335029447,2.38002644671,-1.32148196166,-1.99923459306,-1.33558630945,0.391366348423
SW015012.txt,0.742121283922,-1.99172808659,-0.710759819501,-1.74905627368,-0.516155667202,-0.905985462531,-3.03645031985,-0.669097262786,-0.468927039843
JP0109P2.txt,-2.98736127728,-1.70300345712,4.30551002568,-4.04882537512,-2.86921198759,1.2076765962,1.25897753309,3.13949341395,-0.88814306893
SW0149P3.txt,6.48059159605,-6.52655490298,-0.219287359435,10.9063004831,-0.569425535446,-2.43962567765,2.91788350896,-2.72331467256,0.983057138922
JP0129P1.txt,-1.4983248239,-5.69443058708,5.67843541556,-4.24934301719,1.42964425315,-1.51444766241,2.50492724294,-1.0979289308,0.39140542325
SW0121P2.txt,-1.82280513229,3.35929301124,-1.23873198636,-2.25011203619,0.254057887819,2.75272245887,-3.84601125511,0.0733399258438,0.623777731553
SW010612.txt,3.95357239683,-0.730236804047,1.37360586762,-1.28912891171,0.511804760679,-1.43984629341,-2.24007453452,-1.47360323423,-0.217377902314
SP0150P2.txt,-19.3408816587,-26.0412371239,-12.7420412626,-7.73451649778,-13.6337358521,-3.58558455538,-13.7197947205,-2.72331467256,-33.5907713885
SP0126P1.txt,-6.07412151877,-1.89881741061,1.19770478005,-1.24671279774,-0.608758807175,-3.8842578749,2.51877534905,-1.48811971635,-0.260290742788
SP0114P3.txt,-4.35478816362,-4.9323665422,-0.91820876834,0.773114345904,-0.814331257146,4.86671039468,1.13404927662,-1.3466086111,0.529335612798
JP0125P2.txt,-2.12370134316,4.97084255304,-0.763388329192,-1.85943815769,0.715829479084,-2.74533706738,1.23924539468,2.57965988633,0.0530063573958
JP0131P2.txt,5.4233712569,5.76736731465,8.70932772945,-6.22987220415,-3.4523048807,-1.50455047601,-0.791899685555,3.68574527824,-0.305241433923
JP011612.txt,-18.0456982395,-15.8292399058,-9.57494426803,-7.73451649778,-9.33178478533,1.80608774732,4.55155798745,-2.72331467256,3.08547243616
SP0132P1.txt,4.21869908947,4.50334294775,2.08384678477,0.323471565626,0.407102052313,7.26208125851,-1.71323928488,-1.99592221966,-0.665075842106
SP0144P2.txt,-4.14159611452,-8.75913730153,3.69303285494,-3.14453464797,8.18040949422,-1.19031040914,3.60829563713,0.254866932313,-3.01583352103
JP0147P1.txt,2.7322876399,0.382471597297,1.96655930675,-1.69196317108,2.62579166686,0.494275929598,-2.99469149864,-0.309897360742,-0.52522429502
SW011212.txt,2.30057207328,2.92883331639,0.759397681184,0.993240550408,-0.744857852361,-0.371119905848,-4.27348669454,-1.15679805045,-0.189290265962
SW0135P2.txt,0.546698923739,3.78015286338,3.93962098158,-0.648267772415,3.91544702293,1.23985774499,0.0909711240563,-2.11776501486,0.366533776747
SW0143P1.txt,0.552932942466,3.53829849086,0.167396426428,-1.63647985386,-1.00810730578,0.116318908678,-3.09773357613,-1.63117803652,-0.444238879435
SP011912.txt,-4.51229296769,3.97707310899,-1.68814183421,0.37274163489,-0.80352706233,2.03504313774,-4.06294626168,-1.38062867104,0.275145281298
SP0148P1.txt,-1.48473071575,-1.15530842302,1.15930603384,2.65760624734,1.52544623527,4.67980346381,1.52238108657,0.297831728689,-0.703003462703
SW0139P1.txt,0.0708847431484,3.02895987323,-0.859614289773,1.65739850982,0.343135363499,0.155320354606,-3.05775756869,-1.45461946294,0.443699683073
SP0113P1.txt,1.69640103471,-1.64842087902,-0.63000578515,1.20996319167,-1.56322832309,-5.25255294312,0.845460454175,-2.72331467256,-0.4976109668
JP013712.txt,2.92189904387,3.32161533455,5.55747730127,-2.33183748749,0.0282816962023,1.42646051348,-3.24750159739,1.27453589379,1.5949237751
JP0110P2.txt,-4.63032927185,3.19234531748,2.51995681676,-5.65197642401,-1.41448351455,2.65938688821,-1.15445406302,6.47530539179,-0.612645074895
SP0121P3.txt,-0.304623860071,5.80440946363,-1.52620613856,5.71002637127,-0.915659225693,1.4137720958,-2.36439826335,0.664178146152,1.64162779881
SP014212.txt,-1.74876547672,-0.691771474457,-1.47815090508,-1.05380890278,-0.685504856904,0.687907817812,0.196467593629,-1.10962750561,-0.490166714127
SW0114P2.txt,1.31721434891,5.21129466107,-0.709686162713,1.17067691714,1.15440607304,-0.0179701193687,-1.70474211456,-1.91820378141,0.619761199686
SW013312.txt,-2.14759099532,0.571534635278,-0.445576596641,-0.695974499134,-2.19283136267,1.87550893011,-2.3199303303,-1.27081614566,0.0152626888757
SW0150P3.txt,2.79685291058,-3.31511761176,-3.03844059229,6.01219589251,-3.04591165247,-2.28911234869,4.78339323961,0.515315404178,-0.201927137154
SW0118P1.txt,-5.39095718714,0.11277414876,-1.25857787789,2.07624750119,-2.56785061027,-0.340560039031,-1.20036051176,-0.723208761675,-0.490518354829
SW014912.txt,0.802403723105,4.77066743241,-0.257789216258,0.0569608531242,-0.752991750357,-0.554196242472,-3.8368137979,-0.806365198513,-0.593908447572
JP0108P1.txt,6.57780096326,5.80434424824,2.70838704923,-0.096124406157,2.97899596559,-0.148239632103,0.177368581234,-1.99895900532,0.70045269257
SW0144P3.txt,-6.92699158782,-0.100543041029,-2.32174235023,-0.146623633401,-4.78808504748,-5.89302549009,5.26588877528,2.16322565307,-1.5764726815
SW012712.txt,-0.969361086119,0.143678399175,1.62263547434,-0.264115996152,-0.661947850369,-0.14160505777,-2.47525758067,-0.524007320159,-0.232646006171
JP0140P3.txt,0.767581298278,1.67350184481,-1.12678537371,4.75553163429,1.2983830903,-1.53757841967,1.74719705146,6.1730985688,0.172845906927
JP0104P2.txt,2.12000762493,4.04600392605,8.43479197495,-5.89718197334,-2.97642472737,5.85115753905,0.388827630922,5.0705470578,-0.101557083694
SP0135P3.txt,-0.198756775255,2.86458349794,-3.32514449241,7.5508664389,3.19387815016,0.190371255714,2.48735327,-0.853328882654,1.5730670003
JP012312.txt,0.692316827212,1.42666273641,0.706477700337,-3.67661897493,2.64138545203,-1.02737050848,-0.664390941611,1.71400046706,1.6787200041
SP0107P1.txt,-3.92802126338,1.28446228197,-0.650298961265,0.927928602898,-0.210741787363,3.60159207514,-1.60090522116,-1.57893175358,1.11889520218
